row_id,system_tokens,user_tokens,total_tokens,sample_total_tokens,sample_avg_tokens,sample_max_tokens,sample_token_share_user,Sample1_tokens,Sample2_tokens,Sample3_tokens,Sample4_tokens,Sample5_tokens
0,68,5222,5290,4703,940.6,982,0.900613,970,923,925,982,903
1,68,8660,8728,7422,1484.4,1909,0.857044,1257,1242,1909,1283,1731
2,68,9088,9156,7265,1453.0,3465,0.799406,893,3465,818,1172,917
3,68,7733,7801,7245,1449.0,3382,0.936894,1093,401,971,1398,3382
4,68,4219,4287,3738,747.6,1175,0.885992,1131,454,437,1175,541
5,68,6294,6362,5527,1105.4,2103,0.878138,801,838,1103,682,2103
6,68,9023,9091,7707,1541.4,2580,0.854151,1374,1665,745,1343,2580
7,68,14353,14421,11063,2212.6,6750,0.77078,1761,6750,763,753,1036
8,68,10221,10289,9690,1938.0,5806,0.948048,777,987,674,1446,5806
9,68,7433,7501,6464,1292.8,2307,0.869635,2307,1357,796,806,1198
10,68,4070,4138,3436,687.2,942,0.844226,622,709,584,942,579
11,68,7947,8015,7097,1419.4,2461,0.893041,1002,940,749,2461,1945
12,68,9100,9168,7917,1583.4,2000,0.87,1678,1338,1848,2000,1053
13,68,19205,19273,17639,3527.8,7296,0.918459,1610,2283,4923,7296,1527
14,68,4922,4990,4459,891.8,1349,0.905933,1151,1349,1118,428,413
15,68,6045,6113,5541,1108.2,1378,0.916625,891,979,1019,1378,1274
16,68,9765,9833,9189,1837.8,5721,0.941014,1431,665,763,609,5721
17,68,15837,15905,12202,2440.4,3724,0.770474,3391,3724,3520,683,884
18,68,5666,5734,4219,843.8,1461,0.744617,1461,617,831,571,739
19,68,9956,10024,8414,1682.8,2657,0.845119,1647,2657,936,1650,1524
20,68,3823,3891,3377,675.4,1186,0.883338,636,1186,453,552,550
21,68,5742,5810,5152,1030.4,1435,0.897248,653,715,1128,1221,1435
22,68,5189,5257,4638,927.6,1581,0.893814,658,705,661,1033,1581
23,68,5140,5208,4446,889.2,1293,0.864981,695,734,1293,663,1061
24,68,14893,14961,13765,2753.0,4769,0.92426,2238,1988,3518,1252,4769
25,68,3768,3836,3343,668.6,1257,0.887208,427,1257,473,508,678
26,68,10092,10160,9393,1878.6,3801,0.930737,803,1571,1390,1828,3801
27,68,4870,4938,4388,877.6,1028,0.901027,871,863,1017,609,1028
28,68,7424,7492,6937,1387.4,1444,0.934402,1346,1368,1356,1423,1444
29,68,10282,10350,9641,1928.2,5631,0.937658,761,5631,1140,662,1447
30,68,9547,9615,7256,1451.2,2132,0.760029,1977,2132,910,805,1432
31,68,8809,8877,7673,1534.6,1968,0.871041,1396,1968,1428,1330,1551
32,68,11742,11810,9198,1839.6,2475,0.783342,1816,1702,2475,2206,999
33,68,6477,6545,5854,1170.8,1639,0.903813,1054,1040,1122,1639,999
34,68,11450,11518,10748,2149.6,3792,0.93869,3008,3792,1963,999,986
35,68,5611,5679,5049,1009.8,1060,0.89984,1034,1027,1060,976,952
36,68,11663,11731,10343,2068.6,5060,0.886822,1217,1329,5060,1390,1347
37,68,15106,15174,14026,2805.2,6466,0.928505,511,2157,4130,6466,762
38,68,12391,12459,10348,2069.6,2625,0.835122,1787,1979,1636,2625,2321
39,68,12789,12857,12211,2442.2,5095,0.954805,5095,2908,1304,611,2293
40,68,4810,4878,4185,837.0,1241,0.870062,676,524,1241,680,1064
41,68,7491,7559,6379,1275.8,1769,0.851555,1769,1058,901,894,1757
42,68,11811,11879,11193,2238.6,2574,0.947676,2009,2545,2574,2039,2026
43,68,13638,13706,12708,2541.6,3351,0.931808,3316,1624,3351,1638,2779
44,68,5997,6065,4910,982.0,1173,0.818743,1173,1119,830,1168,620
45,68,4878,4946,4363,872.6,1274,0.894424,1019,979,668,1274,423
46,68,6189,6257,5044,1008.8,1400,0.814994,995,870,764,1015,1400
47,68,25660,25728,24883,4976.6,8279,0.969719,5531,1504,6555,8279,3014
48,68,7740,7808,7035,1407.0,3405,0.908915,1012,3405,888,881,849
49,68,10815,10883,10188,2037.6,2461,0.942025,2078,1837,2461,2147,1665
50,68,3169,3237,2653,530.6,565,0.837173,544,565,523,523,498
51,68,15610,15678,14077,2815.4,3934,0.901794,1028,3277,3934,2853,2985
52,68,12870,12938,11842,2368.4,3348,0.920124,1152,2032,2032,3348,3278
53,68,12417,12485,11321,2264.2,5647,0.911734,1650,5647,2133,1092,799
54,68,4395,4463,3366,673.2,884,0.76587,884,878,667,468,469
55,68,6007,6075,5347,1069.4,1390,0.890128,874,1390,803,949,1331
56,68,10242,10310,9581,1916.2,3351,0.935462,797,1214,903,3316,3351
57,68,6468,6536,5869,1173.8,1774,0.90739,1706,1774,677,854,858
58,68,13934,14002,11937,2387.4,5350,0.856681,910,1334,1693,5350,2650
59,68,4004,4072,3292,658.4,795,0.822178,605,795,733,558,601
60,68,5335,5403,4592,918.4,1356,0.860731,796,799,1356,878,763
61,68,4445,4513,3983,796.6,1170,0.896063,486,557,1165,1170,605
62,68,14645,14713,12912,2582.4,5948,0.881666,1265,1393,1427,2879,5948
63,68,10210,10278,9638,1927.6,3948,0.943976,1325,1486,979,1900,3948
64,68,8942,9010,8336,1667.2,3241,0.93223,882,837,3241,2258,1118
65,68,6519,6587,5749,1149.8,1256,0.881884,1171,1241,1256,1061,1020
66,68,3352,3420,2904,580.8,600,0.866348,600,580,580,572,572
67,68,8453,8521,7828,1565.6,1891,0.926062,1799,1187,1891,1715,1236
68,68,11981,12049,10943,2188.6,3934,0.913363,1015,1302,1415,3277,3934
69,68,8881,8949,7400,1480.0,1818,0.83324,1682,1523,1485,892,1818
70,68,6764,6832,5590,1118.0,1909,0.826434,863,1130,1909,804,884
71,68,8752,8820,7188,1437.6,2759,0.821298,1565,1167,835,862,2759
72,68,13676,13744,11859,2371.8,3308,0.86714,2319,3308,1734,1512,2986
73,68,7362,7430,6392,1278.4,1455,0.868242,1233,1374,1186,1455,1144
74,68,5994,6062,5177,1035.4,1558,0.863697,917,1558,854,1081,767
75,68,4915,4983,4289,857.8,1139,0.872635,1050,1139,573,578,949
76,68,7923,7991,7236,1447.2,2029,0.91329,2029,1470,1472,1346,919
77,68,11654,11722,10778,2155.6,2370,0.924833,1903,2167,2277,2061,2370
78,68,6875,6943,6073,1214.6,1594,0.883345,1191,1158,1343,787,1594
79,68,10292,10360,5309,1061.8,1467,0.515838,1467,882,890,739,1331
80,68,3618,3686,3219,643.8,1374,0.889718,468,462,455,460,1374
81,68,7013,7081,6220,1244.0,2646,0.886924,940,1002,749,2646,883
82,68,3145,3213,2598,519.6,600,0.826073,347,558,600,589,504
83,68,16691,16759,15638,3127.6,6092,0.936912,1392,1233,1400,6092,5521
84,68,9781,9849,8662,1732.4,2846,0.885595,2111,1186,1784,2846,735
85,68,3845,3913,3386,677.2,765,0.880624,575,621,755,670,765
86,68,7681,7749,6602,1320.4,2364,0.859523,782,1259,1452,745,2364
87,68,11975,12043,11021,2204.2,3813,0.920334,2219,2195,1522,3813,1272
88,68,4504,4572,4014,802.8,1136,0.891208,639,1136,782,750,707
89,68,15593,15661,14914,2982.8,5948,0.956455,1289,5948,1186,3343,3148
90,68,11717,11785,11173,2234.6,2769,0.953572,2116,1878,1755,2655,2769
91,68,7964,8032,6916,1383.2,2035,0.868408,1061,1235,1691,894,2035
92,68,6209,6277,5342,1068.4,1650,0.860364,1650,1017,857,1018,800
93,68,3864,3932,3319,663.8,835,0.858954,563,570,733,618,835
94,68,5963,6031,4891,978.2,1240,0.820225,1048,804,988,1240,811
95,68,7880,7948,6451,1290.2,1936,0.818655,1374,656,1936,1015,1470
96,68,6613,6681,5103,1020.6,1470,0.771662,838,944,764,1470,1087
97,68,8924,8992,8014,1602.8,2086,0.898028,1808,1873,1171,1076,2086
98,68,6818,6886,6340,1268.0,1341,0.929891,1118,1323,1257,1341,1301
99,68,7384,7452,6865,1373.0,1880,0.929713,1051,1015,1058,1880,1861
100,68,3845,3913,3313,662.6,1026,0.861638,514,640,570,563,1026
101,68,67065,67133,66129,13225.8,13360,0.986043,13101,13167,13141,13360,13360
102,68,3920,3988,3310,662.0,710,0.844388,625,710,653,687,635
103,68,5407,5475,4506,901.2,1199,0.833364,1171,1199,703,775,658
104,68,10636,10704,9106,1821.2,2625,0.856149,1979,1787,1636,2625,1079
105,68,11385,11453,10621,2124.2,5812,0.932894,5812,912,1551,928,1418
106,68,7422,7490,6512,1302.4,2049,0.877392,2049,1261,1446,780,976
107,68,4392,4460,3812,762.4,968,0.867942,589,759,530,968,966
108,68,6729,6797,5917,1183.4,2029,0.879328,757,1281,707,1143,2029
109,68,6880,6948,6029,1205.8,2056,0.876308,1400,2056,895,992,686
110,68,6867,6935,6057,1211.4,1881,0.882045,1543,834,824,1881,975
111,68,10251,10319,9055,1811.0,4105,0.883328,1891,1117,1091,851,4105
112,68,11762,11830,11053,2210.6,2860,0.939721,2860,2561,1370,1416,2846
113,68,5991,6059,4838,967.6,2029,0.807545,726,757,619,2029,707
114,68,5947,6015,5524,1104.8,1198,0.928872,1092,1102,1062,1070,1198
115,68,6268,6336,5823,1164.6,1166,0.929004,1165,1166,1164,1164,1164
116,68,9330,9398,5533,1106.6,1638,0.593033,1117,955,901,1638,922
117,68,4967,5035,4190,838.0,995,0.843568,962,791,995,653,789
118,68,7321,7389,6855,1371.0,1413,0.936347,1381,1392,1335,1334,1413
119,68,7130,7198,5508,1101.6,1696,0.772511,1000,1696,593,578,1641
120,68,6682,6750,6053,1210.6,1455,0.905867,1326,1455,940,1058,1274
121,68,11793,11861,10652,2130.4,5730,0.903248,1278,1171,5730,1445,1028
122,68,3920,3988,3466,693.2,1075,0.884184,585,524,554,728,1075
123,68,8112,8180,7415,1483.0,1921,0.914078,1022,1921,1663,1506,1303
124,68,6646,6714,5365,1073.0,1431,0.807252,901,1322,818,893,1431
125,68,8099,8167,6644,1328.8,1703,0.820348,1251,1423,914,1353,1703
126,68,7900,7968,6164,1232.8,1493,0.780253,1181,1493,1088,1106,1296
127,68,11008,11076,7580,1516.0,3682,0.68859,1186,636,3682,1092,984
128,68,8603,8671,7696,1539.2,1663,0.894572,1642,1469,1663,1461,1461
129,68,9367,9435,8651,1730.2,3518,0.923561,669,1125,3518,2755,584
130,68,8219,8287,7599,1519.8,1663,0.924565,1364,1642,1469,1663,1461
131,68,8049,8117,6782,1356.4,1818,0.842589,1622,1818,1368,1017,957
132,68,6191,6259,5744,1148.8,1650,0.927798,1115,1327,1650,894,758
133,68,7649,7717,6842,1368.4,1801,0.894496,1801,1551,908,1654,928
134,68,8777,8845,5480,1096.0,1256,0.624359,1256,1090,964,1028,1142
135,68,6951,7019,5893,1178.6,1416,0.847792,1416,1048,1184,972,1273
136,68,5556,5624,4541,908.2,1061,0.817315,1061,1061,1061,695,663
137,68,5879,5947,5283,1056.6,1164,0.898622,1063,1025,1038,993,1164
138,68,8022,8090,7150,1430.0,4146,0.891299,749,4146,894,638,723
139,68,7681,7749,6814,1362.8,1842,0.887124,967,1323,1433,1842,1249
140,68,5219,5287,4474,894.8,1019,0.857252,1019,986,982,761,726
141,68,10785,10853,9166,1833.2,4066,0.849884,1827,4066,710,1405,1158
142,68,6370,6438,5873,1174.6,1647,0.921978,827,987,1647,1356,1056
143,68,6809,6877,5719,1143.8,1179,0.839918,1081,1127,1179,1166,1166
144,68,6729,6797,6023,1204.6,1753,0.895081,1071,1252,1753,1082,865
145,68,6874,6942,6103,1220.6,1654,0.887838,1654,1551,610,928,1360
146,68,12676,12744,11823,2364.6,7161,0.932707,818,987,1999,7161,858
147,68,7568,7636,7020,1404.0,3165,0.92759,783,3165,1714,679,679
148,68,9257,9325,7261,1452.2,2398,0.784379,919,1135,715,2398,2094
149,68,6234,6302,5443,1088.6,1325,0.873115,1065,1197,955,1325,901
150,68,11464,11532,9221,1844.2,4103,0.804344,1472,1470,1085,4103,1091
151,68,10045,10113,9334,1866.8,2354,0.929219,1651,1617,1367,2345,2354
152,68,6158,6226,5545,1109.0,1904,0.900455,1904,872,1423,643,703
153,68,3283,3351,2788,557.6,580,0.849223,555,555,549,549,580
154,68,6093,6161,5541,1108.2,1378,0.909404,979,1019,891,1378,1274
155,68,5407,5475,4616,923.2,1218,0.853708,740,760,744,1218,1154
156,68,5695,5763,4908,981.6,982,0.861809,982,982,982,982,980
157,68,17495,17563,16660,3332.0,6953,0.952272,1218,2074,6953,3340,3075
158,68,5530,5598,5039,1007.8,1314,0.911212,1193,1314,840,750,942
159,68,4607,4675,4087,817.4,883,0.887128,765,691,880,883,868
160,68,7774,7842,6971,1394.2,1834,0.896707,1502,1834,1090,830,1715
161,68,11549,11617,9907,1981.4,2837,0.857823,1896,1243,1294,2637,2837
162,68,8537,8605,7276,1455.2,2223,0.85229,2223,784,1424,1706,1139
163,68,4724,4792,4007,801.4,920,0.848222,755,830,795,920,707
164,68,4916,4984,4277,855.4,1085,0.870016,558,719,1085,1085,830
165,68,17754,17822,15936,3187.2,4604,0.897601,1923,4604,4402,3044,1963
166,68,3635,3703,2930,586.0,711,0.806052,590,697,493,711,439
167,68,5537,5605,5099,1019.8,1398,0.920896,450,1360,947,1398,944
168,68,9395,9463,8103,1620.6,3251,0.86248,1031,1539,3251,1081,1201
169,68,7443,7511,6859,1371.8,3149,0.921537,791,3149,663,1130,1126
170,68,9041,9109,8240,1648.0,2365,0.911404,1441,1629,1573,1232,2365
171,68,5066,5134,4323,864.6,1274,0.853336,910,1274,707,675,757
172,68,7517,7585,6339,1267.8,2054,0.843289,1055,1104,2054,1291,835
173,68,5023,5091,4622,924.4,951,0.920167,885,927,930,929,951
174,68,8546,8614,6290,1258.0,2404,0.736017,2140,623,580,2404,543
175,68,5787,5855,4979,995.8,1285,0.860377,1285,881,1046,821,946
176,68,11226,11294,9642,1928.4,2616,0.858899,2616,1409,1769,2239,1609
177,68,7839,7907,6813,1362.6,1671,0.869116,1296,1153,1405,1671,1288
178,68,6034,6102,5291,1058.2,1173,0.876864,1168,1119,830,1001,1173
179,68,5790,5858,4661,932.2,1544,0.805009,1544,1023,770,481,843
180,68,4679,4747,4211,842.2,1152,0.899979,478,576,863,1142,1152
181,68,7185,7253,5993,1198.6,1452,0.834099,1259,782,1065,1435,1452
182,68,11203,11271,10423,2084.6,2756,0.930376,1789,1794,1758,2326,2756
183,68,6146,6214,4356,871.2,1192,0.708754,1192,768,683,934,779
184,68,3718,3786,3201,640.2,665,0.860947,603,636,652,645,665
185,68,5817,5885,5040,1008.0,1683,0.866426,865,837,1683,877,778
186,68,12992,13060,10304,2060.8,2856,0.793103,2856,2086,1397,1863,2102
187,68,7316,7384,6717,1343.4,1569,0.918125,1233,1248,1231,1569,1436
188,68,9805,9873,8750,1750.0,4744,0.892402,815,1291,570,1330,4744
189,68,3703,3771,3117,623.4,841,0.84175,468,468,529,841,811
190,68,10913,10981,6243,1248.6,1571,0.57207,1051,1376,1301,944,1571
191,68,8696,8764,8186,1637.2,2650,0.941352,557,1693,1334,2650,1952
192,68,8653,8721,7882,1576.4,2291,0.910898,1189,2291,1662,1566,1174
193,68,7275,7343,6752,1350.4,1626,0.92811,1265,1066,1528,1626,1267
194,68,3289,3357,2773,554.6,608,0.843113,608,589,519,543,514
195,68,9503,9571,6694,1338.8,2114,0.704409,812,1206,1510,1052,2114
196,68,13068,13136,10938,2187.6,4043,0.837006,1291,4043,3941,756,907
197,68,5115,5183,4515,903.0,1248,0.882698,558,1248,700,778,1231
198,68,5784,5852,5153,1030.6,1985,0.890906,669,1105,1985,582,812
199,68,8257,8325,7682,1536.4,1819,0.930362,1289,1522,1523,1529,1819
200,68,6595,6663,6012,1202.4,1509,0.9116,1509,1243,1095,762,1403
201,68,9609,9677,8568,1713.6,4138,0.891664,1301,1193,4138,688,1248
202,68,8313,8381,6821,1364.2,1536,0.820522,1296,1201,1536,1259,1529
203,68,8685,8753,8123,1624.6,2413,0.935291,2167,2413,1133,1764,646
204,68,6698,6766,6102,1220.4,2928,0.911018,655,2928,762,850,907
205,68,6656,6724,6077,1215.4,1753,0.913011,862,848,865,1753,1749
206,68,5388,5456,3854,770.8,856,0.715293,856,791,715,684,808
207,68,5309,5377,4142,828.4,935,0.780185,747,591,934,935,935
208,68,12648,12716,11876,2375.2,4939,0.938963,4939,922,1139,1927,2949
209,68,7076,7144,6444,1288.8,2745,0.910684,779,1707,2745,586,627
210,68,10198,10266,7962,1592.4,2313,0.780741,2252,1686,2313,893,818
211,68,6631,6699,6012,1202.4,1321,0.906651,1113,1108,1291,1179,1321
212,68,9407,9475,7986,1597.2,1769,0.848942,1758,1769,1757,955,1747
213,68,4055,4123,3460,692.0,1117,0.853268,508,487,590,1117,758
214,68,8865,8933,8131,1626.2,2785,0.917202,1120,1931,1370,2785,925
215,68,6497,6565,6048,1209.6,1405,0.930891,1366,935,1405,1324,1018
216,68,7990,8058,7328,1465.6,2501,0.917146,1055,2054,883,2501,835
217,68,9442,9510,8487,1697.4,2576,0.898856,1686,1827,1447,2576,951
218,68,10511,10579,8658,1731.6,2314,0.823708,1506,1274,1397,2314,2167
219,68,4414,4482,3874,774.8,1096,0.877662,433,561,906,1096,878
220,68,4539,4607,4017,803.4,1106,0.884997,853,852,1106,423,783
221,68,4699,4767,4032,806.4,897,0.858055,772,897,840,677,846
222,68,5293,5361,4473,894.6,1344,0.845078,1344,600,1096,775,658
223,68,6119,6187,5048,1009.6,1683,0.824971,1683,877,861,837,790
224,68,5809,5877,5313,1062.6,1201,0.914615,1198,1201,840,1066,1008
225,68,7745,7813,5756,1151.2,1502,0.743189,1502,1361,847,955,1091
226,68,7321,7389,6462,1292.4,2047,0.882666,1060,2047,672,718,1965
227,68,3045,3113,2583,516.6,565,0.848276,523,498,523,474,565
228,68,8461,8529,7880,1576.0,1645,0.931332,1645,1604,1607,1551,1473
229,68,13680,13748,11992,2398.4,4164,0.876608,3124,1102,1751,4164,1851
230,68,5814,5882,4919,983.8,1430,0.846061,1062,1430,1107,748,572
231,68,9680,9748,7611,1522.2,3126,0.78626,2076,3126,638,854,917
232,68,9516,9584,8712,1742.4,3138,0.915511,1172,1783,3138,1650,969
233,68,7623,7691,7090,1418.0,2273,0.93008,2273,1117,1349,686,1665
234,68,8948,9016,8293,1658.6,1950,0.926799,1729,1679,1950,1463,1472
235,68,11713,11781,10878,2175.6,3106,0.928712,2057,2334,3106,1267,2114
236,68,8275,8343,7253,1450.6,1963,0.876495,1266,1262,1380,1963,1382
237,68,7169,7237,6420,1284.0,2085,0.895522,1132,1392,835,2085,976
238,68,5240,5308,4728,945.6,1096,0.90229,934,1000,1096,1030,668
239,68,5247,5315,4599,919.8,1115,0.876501,873,759,925,1115,927
240,68,6581,6649,6029,1205.8,2056,0.916122,686,992,895,2056,1400
241,68,7074,7142,6331,1266.2,1706,0.894967,1706,680,1665,769,1511
242,68,4951,5019,4298,859.6,1042,0.868107,805,1042,1019,653,779
243,68,3668,3736,3141,628.2,898,0.856325,898,371,549,534,789
244,68,7685,7753,6752,1350.4,2112,0.878595,2112,1145,1145,1153,1197
245,68,3739,3807,3177,635.4,772,0.849692,772,705,575,523,602
246,68,5205,5273,4099,819.8,876,0.787512,788,840,836,759,876
247,68,6102,6170,5315,1063.0,1209,0.871026,1209,1096,1002,909,1099
248,68,7142,7210,6520,1304.0,2217,0.91291,987,818,2217,893,1605
249,68,7352,7420,6197,1239.4,2054,0.8429,1158,2054,1343,680,962
250,68,6128,6196,5542,1108.4,1376,0.904373,604,1057,1362,1376,1143
251,68,6928,6996,6278,1255.6,1822,0.906178,1155,1822,779,893,1629
252,68,8983,9051,8298,1659.6,3484,0.923745,3484,774,2037,613,1390
253,68,7537,7605,6822,1364.4,2290,0.905135,1197,1065,914,1356,2290
254,68,9956,10024,8953,1790.6,2576,0.899257,2398,1158,2094,2576,727
255,68,4734,4802,4161,832.2,1281,0.878961,446,1087,624,723,1281
256,68,9369,9437,8524,1704.8,2719,0.909809,2436,2719,864,1740,765
257,68,7120,7188,6269,1253.8,2025,0.880478,1183,871,1332,858,2025
258,68,16644,16712,14639,2927.8,7679,0.879536,7679,873,1272,2044,2771
259,68,6435,6503,5863,1172.6,1755,0.911111,849,1090,670,1499,1755
260,68,8326,8394,7617,1523.4,2639,0.914845,1416,1853,898,811,2639
261,68,6752,6820,6187,1237.4,1254,0.916321,1231,1228,1233,1254,1241
262,68,6863,6931,6274,1254.8,1503,0.914177,1396,1503,1248,978,1149
263,68,6369,6437,4268,853.6,1017,0.670121,819,635,999,798,1017
264,68,9280,9348,7628,1525.6,1806,0.821983,751,1594,1806,1806,1671
265,68,8579,8647,7604,1520.8,2888,0.88635,2888,1480,970,921,1345
266,68,6140,6208,5520,1104.0,1586,0.899023,761,922,1452,799,1586
267,68,12354,12422,11171,2234.2,4560,0.904242,957,4144,4560,755,755
268,68,10071,10139,7612,1522.4,2949,0.755834,1139,675,922,2949,1927
269,68,6084,6152,5254,1050.8,1180,0.863577,1144,998,976,1180,956
270,68,12153,12221,9956,1991.2,3613,0.819222,3613,1493,2650,1181,1019
271,68,8231,8299,7548,1509.6,2602,0.917021,847,2602,1361,1362,1376
272,68,4605,4673,4071,814.2,1658,0.884039,568,1658,582,540,723
273,68,13473,13541,10779,2155.8,4405,0.800045,2155,4405,1578,1526,1115
274,68,2437,2505,2001,400.2,504,0.821092,303,347,466,504,381
275,68,4260,4328,3790,758.0,1122,0.889671,657,1122,701,686,624
276,68,3891,3959,3364,672.8,808,0.864559,599,808,470,689,798
277,68,5345,5413,4281,856.2,1028,0.800935,796,1028,853,649,955
278,68,12013,12081,10504,2100.8,3488,0.874386,1936,1085,3488,2384,1611
279,68,6592,6660,6128,1225.6,3651,0.929612,3651,474,481,629,893
280,68,6210,6278,5406,1081.2,1704,0.870531,624,952,1704,1057,1069
281,68,9623,9691,8580,1716.0,2570,0.891614,1399,1277,2435,2570,899
282,68,5701,5769,4953,990.6,1069,0.868795,994,1059,992,1069,839
283,68,13495,13563,10898,2179.6,3934,0.807558,1265,1393,1427,2879,3934
284,68,16526,16594,14219,2843.8,7023,0.860402,7023,3906,1509,758,1023
285,68,9715,9783,7949,1589.8,2291,0.818219,2291,1189,1566,1662,1241
286,68,11227,11295,10560,2112.0,4453,0.94059,826,1443,4453,1192,2646
287,68,12664,12732,10810,2162.0,2746,0.853601,1912,2003,2064,2085,2746
288,68,10096,10164,8029,1605.8,2914,0.795265,838,2747,2914,850,680
289,68,6394,6462,5582,1116.4,1171,0.873006,1163,1076,1097,1171,1075
290,68,9247,9315,7988,1597.6,2682,0.863848,1103,1572,1578,1053,2682
291,68,7598,7666,6870,1374.0,2788,0.904185,777,790,1571,944,2788
292,68,4412,4480,3932,786.4,1151,0.891206,1151,669,371,858,883
293,68,12003,12071,10412,2082.4,4353,0.86745,2042,2139,4353,678,1200
294,68,5689,5757,4972,994.4,1385,0.873967,961,1385,733,725,1168
295,68,7896,7964,6803,1360.6,1748,0.861575,1264,1499,1748,1698,594
296,68,8592,8660,7007,1401.4,2356,0.815526,687,599,2356,1192,2173
297,68,5841,5909,5306,1061.2,1175,0.908406,1046,1070,1025,990,1175
298,68,3954,4022,3337,667.4,843,0.843955,624,621,627,843,622
299,68,15433,15501,12883,2576.6,5703,0.83477,999,3254,1891,1036,5703
300,68,5271,5339,4547,909.4,1371,0.862645,997,662,724,793,1371
301,68,4931,4999,4285,857.0,1518,0.868992,561,433,1518,643,1130
302,68,6509,6577,5923,1184.6,2050,0.909971,669,1069,1592,2050,543
303,68,7291,7359,6648,1329.6,2139,0.911809,957,755,755,2042,2139
304,68,13323,13391,12231,2446.2,4146,0.918036,3976,4146,1704,1142,1263
305,68,9183,9251,7029,1405.8,2237,0.765436,2237,1715,1170,578,1329
306,68,6159,6227,5645,1129.0,2893,0.916545,746,658,637,2893,711
307,68,6579,6647,5252,1050.4,1773,0.798298,1773,784,1149,731,815
308,68,9579,9647,8448,1689.6,2352,0.881929,2352,1291,1634,1602,1569
309,68,11947,12015,8821,1764.2,3236,0.738344,996,3236,1881,1097,1611
310,68,8811,8879,7119,1423.8,1878,0.807967,1821,1531,850,1039,1878
311,68,6021,6089,5204,1040.8,1306,0.864308,951,1306,942,798,1207
312,68,5855,5923,4733,946.6,1559,0.808369,1055,580,1559,771,768
313,68,6863,6931,6256,1251.2,1978,0.911555,1799,558,1978,924,997
314,68,21260,21328,16864,3372.8,4548,0.793227,4548,4350,2056,1431,4479
315,68,4624,4692,3937,787.4,1005,0.851427,684,842,773,1005,633
316,68,12045,12113,11467,2293.4,4055,0.952013,999,1818,661,4055,3934
317,68,11788,11856,10968,2193.6,3488,0.930438,972,2751,2743,3488,1014
318,68,9986,10054,8580,1716.0,2570,0.859203,1399,2570,2435,899,1277
319,68,6042,6110,5165,1033.0,1683,0.854849,877,1683,790,1027,788
320,68,6857,6925,5594,1118.8,2171,0.815809,844,820,790,2171,969
321,68,8553,8621,7397,1479.4,2080,0.864843,1703,2080,952,1350,1312
322,68,6659,6727,6147,1229.4,1628,0.923112,1628,1272,1184,1037,1026
323,68,9644,9712,9052,1810.4,2966,0.938615,1254,1767,2966,1546,1519
324,68,6556,6624,6064,1212.8,1253,0.924954,1207,1190,1207,1207,1253
325,68,2960,3028,2554,510.8,636,0.862838,473,470,502,473,636
326,68,6757,6825,6096,1219.2,2047,0.902176,901,955,2047,1390,803
327,68,5329,5397,4693,938.6,998,0.880653,998,911,946,929,909
328,68,7075,7143,6115,1223.0,1418,0.864311,1084,1316,1234,1418,1063
329,68,5107,5175,4518,903.6,1486,0.884668,617,599,1486,1236,580
330,68,4832,4900,3651,730.2,900,0.755588,843,622,900,662,624
331,68,7895,7963,6934,1386.8,1969,0.878277,1129,747,1138,1969,1951
332,68,6294,6362,5329,1065.8,1704,0.846679,850,655,1704,1431,689
333,68,13662,13730,9562,1912.4,4114,0.699898,4114,2861,659,1280,648
334,68,9689,9757,7463,1492.6,2719,0.770255,2573,628,2719,957,586
335,68,8011,8079,6917,1383.4,1697,0.863438,1218,1325,1697,1301,1376
336,68,7219,7287,5636,1127.2,1638,0.780718,946,976,855,1638,1221
337,68,4999,5067,4602,920.4,930,0.920584,885,927,930,930,930
338,68,5800,5868,4960,992.0,1130,0.855172,1061,852,1130,863,1054
339,68,6215,6283,5474,1094.8,1709,0.880772,1253,1709,832,672,1008
340,68,2626,2694,2134,426.8,455,0.812643,428,413,455,449,389
341,68,5555,5623,5054,1010.8,2025,0.909811,871,2025,758,858,542
342,68,4372,4440,3838,767.6,1154,0.877859,601,1154,670,692,721
343,68,11844,11912,10227,2045.4,2850,0.863475,2695,906,1756,2020,2850
344,68,7714,7782,6701,1340.2,2585,0.86868,763,1723,753,877,2585
345,68,9354,9422,7997,1599.4,2162,0.854928,1071,1055,2130,2162,1579
346,68,6162,6230,5595,1119.0,1884,0.907984,654,1884,1211,810,1036
347,68,4823,4891,4205,841.0,1044,0.871864,1044,775,773,774,839
348,68,5101,5169,4545,909.0,1169,0.891002,1169,838,833,852,853
349,68,11734,11802,10009,2001.8,5508,0.852991,5508,1121,1069,1152,1159
350,68,8995,9063,8441,1688.2,2087,0.93841,1940,2040,1739,635,2087
351,68,5079,5147,4501,900.2,1514,0.886198,803,614,756,814,1514
352,68,6453,6521,5933,1186.6,1930,0.919417,689,721,1930,1835,758
353,68,4083,4151,3508,701.6,1517,0.859172,1517,416,456,643,476
354,68,5808,5876,4048,809.6,1176,0.69697,1176,643,1000,637,592
355,68,2738,2806,2286,457.2,461,0.834916,457,457,457,454,461
356,68,2650,2718,2178,435.6,638,0.821887,319,321,312,588,638
357,68,7323,7391,6790,1358.0,4114,0.927216,657,712,659,648,4114
358,68,11529,11597,9927,1985.4,2480,0.861046,2480,1915,1968,2013,1551
359,68,5217,5285,4284,856.8,1172,0.821162,757,668,1172,680,1007
360,68,12951,13019,11107,2221.4,2925,0.857617,1928,1530,2239,2925,2485
361,68,4887,4955,4201,840.2,1371,0.859628,801,1371,680,793,556
362,68,6798,6866,5599,1119.8,1951,0.823625,712,1387,1951,671,878
363,68,7226,7294,6792,1358.4,1798,0.939939,1163,1519,1798,1551,761
364,68,6732,6800,6210,1242.0,3226,0.92246,786,786,3226,826,586
365,68,11274,11342,7981,1596.2,2237,0.707912,837,2237,1715,1257,1935
366,68,9177,9245,6190,1238.0,1884,0.674512,1827,669,1211,599,1884
367,68,4103,4171,3659,731.8,1578,0.891786,456,416,566,643,1578
368,68,6385,6453,5605,1121.0,1758,0.877839,850,948,643,1758,1406
369,68,4064,4132,3429,685.8,1151,0.84375,614,557,1151,506,601
370,68,6390,6458,5613,1122.6,1509,0.878404,572,910,1274,1348,1509
371,68,6365,6433,5780,1156.0,1830,0.908091,1381,509,655,1830,1405
372,68,7855,7923,7141,1428.2,2651,0.909102,1185,1056,2651,1164,1085
373,68,6671,6739,5710,1142.0,1366,0.855944,1287,1244,1069,1366,744
374,68,7349,7417,5984,1196.8,1496,0.81426,1496,838,845,1328,1477
375,68,18120,18188,16788,3357.6,5974,0.92649,5974,2944,3285,3385,1200
376,68,4012,4080,3536,707.2,1062,0.881356,610,627,627,610,1062
377,68,5255,5323,4772,954.4,1778,0.908088,481,618,682,1213,1778
378,68,8433,8501,7576,1515.2,2694,0.898375,729,1778,618,1757,2694
379,68,4496,4564,3767,753.4,1023,0.837856,702,1023,732,655,655
380,68,5789,5857,5239,1047.8,1196,0.904992,1060,1062,1196,987,934
381,68,9522,9590,8387,1677.4,2616,0.880802,2616,1469,1338,1260,1704
382,68,5371,5439,4772,954.4,1180,0.888475,1180,835,976,956,825
383,68,5836,5904,5304,1060.8,1097,0.908842,1059,1033,1060,1097,1055
384,68,7887,7955,6849,1369.8,2342,0.868391,774,958,1173,1602,2342
385,68,20048,20116,16276,3255.2,4560,0.811852,4152,1715,1705,4144,4560
386,68,15220,15288,10975,2195.0,3488,0.721091,2284,1303,754,3146,3488
387,68,4734,4802,4240,848.0,1176,0.895649,513,928,667,1176,956
388,68,15030,15098,11851,2370.2,5204,0.78849,698,5204,1243,3488,1218
389,68,15923,15991,14153,2830.6,3518,0.88884,2930,3145,3518,1805,2755
390,68,15417,15485,14414,2882.8,5974,0.934942,1082,849,5974,3224,3285
391,68,8421,8489,5982,1196.4,1528,0.710367,1285,919,1042,1208,1528
392,68,6006,6074,5420,1084.0,1368,0.902431,1017,1144,1028,1368,863
393,68,5835,5903,5152,1030.4,1435,0.882948,715,653,1221,1128,1435
394,68,3527,3595,2999,599.8,722,0.850298,435,475,667,722,700
395,68,10992,11060,10063,2012.6,3209,0.915484,1171,1278,1681,3209,2724
396,68,5388,5456,4764,952.8,1188,0.884187,889,873,873,941,1188
397,68,6703,6771,6045,1209.0,2029,0.901835,1965,672,718,661,2029
398,68,5430,5498,4823,964.6,1129,0.888214,855,946,976,1129,917
399,68,7796,7864,6973,1394.6,3062,0.894433,3062,717,1326,940,928
400,68,7548,7616,6787,1357.4,2475,0.899179,538,1218,1520,2475,1036
401,68,6440,6508,5919,1183.8,1216,0.919099,1216,1198,1164,1168,1173
402,68,2809,2877,2334,466.8,471,0.830901,469,471,454,469,471
403,68,8717,8785,7830,1566.0,1903,0.898245,1198,1903,1344,1547,1838
404,68,7256,7324,6601,1320.2,1706,0.90973,921,1511,1706,1665,798
405,68,10226,10294,9459,1891.8,2430,0.924995,2259,1409,2430,2404,957
406,68,7294,7362,6237,1247.4,1819,0.855086,1274,1173,986,985,1819
407,68,20933,21001,18993,3798.6,7296,0.907323,2239,7296,4923,1610,2925
408,68,66269,66337,65838,13167.6,13491,0.993496,12991,13114,13101,13141,13491
409,68,3184,3252,2709,541.8,605,0.850817,558,605,522,491,533
410,68,7303,7371,6703,1340.6,1471,0.917842,1466,1471,1028,1435,1303
411,68,8423,8491,7328,1465.6,1699,0.869999,1699,1645,1367,1366,1251
412,68,9346,9414,8207,1641.4,2170,0.87813,1883,816,1845,1493,2170
413,68,8191,8259,7442,1488.4,2949,0.908558,922,784,1927,2949,860
414,68,7060,7128,6191,1238.2,1262,0.876912,1227,1225,1240,1262,1237
415,68,6369,6437,5485,1097.0,1960,0.861203,1960,734,1014,708,1069
416,68,5554,5622,4793,958.6,1393,0.862982,475,1099,1393,962,864
417,68,11359,11427,10844,2168.8,6396,0.954662,598,981,1817,6396,1052
418,68,11763,11831,10768,2153.6,3146,0.915413,1329,2583,2717,993,3146
419,68,8048,8116,6805,1361.0,2104,0.845552,1201,1081,1539,2104,880
420,68,3984,4052,3434,686.8,706,0.861948,665,661,706,699,703
421,68,5346,5414,4290,858.0,1264,0.802469,819,1264,474,691,1042
422,68,5470,5538,4947,989.4,1314,0.904388,739,898,955,1314,1041
423,68,9904,9972,7991,1598.2,2618,0.806846,1390,1536,1471,976,2618
424,68,13791,13859,12649,2529.8,7870,0.917192,664,740,1935,1440,7870
425,68,4063,4131,2946,589.2,736,0.72508,631,477,736,581,521
426,68,3988,4056,3419,683.8,746,0.857322,677,746,662,672,662
427,68,5046,5114,4261,852.2,1106,0.844431,1106,853,852,667,783
428,68,4894,4962,4371,874.2,1629,0.893134,683,683,688,688,1629
429,68,5904,5972,5189,1037.8,1209,0.878896,1002,1209,874,1005,1099
430,68,3776,3844,3302,660.4,1035,0.87447,546,532,435,754,1035
431,68,5999,6067,5560,1112.0,1738,0.926821,1406,1433,1738,550,433
432,68,6092,6160,5593,1118.6,1351,0.918089,1351,893,922,1191,1236
433,68,6374,6442,5737,1147.4,1368,0.900063,1017,1144,1028,1368,1180
434,68,4233,4301,3391,678.2,1173,0.801087,1173,476,416,683,643
435,68,13482,13550,12866,2573.2,5220,0.954309,2506,5220,1816,2057,1267
436,68,9804,9872,4770,954.0,1431,0.486536,1431,1360,610,606,763
437,68,7616,7684,6683,1336.6,2359,0.877495,1092,2359,921,1050,1261
438,68,7500,7568,6226,1245.2,2986,0.830133,929,1133,2986,572,606
439,68,3483,3551,3043,608.6,733,0.873672,495,554,604,657,733
440,68,9088,9156,8045,1609.0,1714,0.885233,1695,1681,1614,1714,1341
441,68,5918,5986,4727,945.4,1379,0.79875,1162,791,789,1379,606
442,68,10209,10277,9303,1860.6,2966,0.911255,1767,2966,1519,1505,1546
443,68,6370,6438,5436,1087.2,1304,0.853375,858,1156,1304,1082,1036
444,68,4802,4870,3019,603.8,736,0.628696,631,477,736,594,581
445,68,7691,7759,6709,1341.8,1960,0.872318,1677,1960,1059,1041,972
446,68,4885,4953,4149,829.8,1241,0.849335,849,849,709,1241,501
447,68,5942,6010,5027,1005.4,1530,0.846011,783,1250,797,667,1530
448,68,5293,5361,4677,935.4,1166,0.88362,659,1158,558,1136,1166
449,68,5574,5642,4917,983.4,1240,0.882131,1240,1014,811,1048,804
450,68,5897,5965,5344,1068.8,1518,0.906224,952,931,905,1518,1038
451,68,4986,5054,4258,851.6,1169,0.853991,803,879,879,528,1169
452,68,3906,3974,3326,665.2,939,0.85151,586,604,939,557,640
453,68,8526,8594,7917,1583.4,2000,0.928571,1053,1848,2000,1678,1338
454,68,5840,5908,5211,1042.2,1209,0.892295,1096,1209,1099,909,898
455,68,10380,10448,8580,1716.0,2570,0.82659,2570,899,2435,1399,1277
456,68,11382,11450,10562,2112.4,3460,0.927956,800,3381,3460,713,2208
457,68,10443,10511,8890,1778.0,3145,0.851288,1586,1411,1440,1308,3145
458,68,3826,3894,3342,668.4,764,0.873497,613,633,575,757,764
459,68,9892,9960,8945,1789.0,2619,0.904266,2495,2619,2288,878,665
460,68,8140,8208,6895,1379.0,1616,0.847052,1616,1172,1451,1329,1327
461,68,7960,8028,7066,1413.2,1750,0.887688,1750,1719,1319,1144,1134
462,68,9112,9180,8215,1643.0,2291,0.901558,1189,1507,1662,2291,1566
463,68,6593,6661,5975,1195.0,1638,0.906264,1099,1116,1221,901,1638
464,68,3161,3229,2682,536.4,554,0.848466,514,523,542,549,554
465,68,10017,10085,9166,1833.2,2883,0.915044,2618,1115,2883,1708,842
466,68,6414,6482,5688,1137.6,3044,0.88681,669,650,3044,607,718
467,68,10477,10545,7035,1407.0,2148,0.671471,1429,1251,957,1250,2148
468,68,7521,7589,6619,1323.8,2367,0.880069,1100,1092,2367,1423,637
469,68,8614,8682,7166,1433.2,1996,0.831902,795,1923,1996,1100,1352
470,68,4137,4205,3694,738.8,1148,0.892918,803,435,850,458,1148
471,68,5695,5763,4718,943.6,1453,0.828446,822,1453,764,922,757
472,68,4721,4789,4171,834.2,1060,0.883499,1060,1051,1018,499,543
473,68,11250,11318,9475,1895.0,2441,0.842222,2064,2168,1542,2441,1260
474,68,4323,4391,3855,771.0,1287,0.891742,555,577,614,1287,822
475,68,3880,3948,3344,668.8,746,0.861856,672,662,662,746,602
476,68,9363,9431,8275,1655.0,2351,0.883798,1739,2351,1788,1685,712
477,68,6410,6478,5562,1112.4,1455,0.867707,729,1364,1455,1430,584
478,68,4658,4726,4034,806.8,1638,0.866037,686,585,633,492,1638
479,68,7712,7780,6864,1372.8,2024,0.890041,1050,1698,1127,2024,965
480,68,15546,15614,14966,2993.2,6953,0.962691,1646,3075,6953,1218,2074
481,68,12613,12681,11029,2205.8,2733,0.874415,1625,2644,2733,2534,1493
482,68,5330,5398,4534,906.8,1697,0.850657,640,939,1697,604,654
483,68,6453,6521,5780,1156.0,1960,0.895707,870,847,1066,1960,1037
484,68,4906,4974,4196,839.2,1023,0.855279,942,711,825,695,1023
485,68,10807,10875,10134,2026.8,3285,0.937726,3208,3285,1300,1082,1259
486,68,7400,7468,6126,1225.2,1929,0.827838,1005,658,1396,1138,1929
487,68,6642,6710,5766,1153.2,1686,0.868112,818,1686,893,787,1582
488,68,9313,9381,8809,1761.8,3316,0.945882,665,2143,1686,999,3316
489,68,7735,7803,7097,1419.4,2168,0.917518,2168,1036,1857,1261,775
490,68,16256,16324,14401,2880.2,3985,0.885888,2473,2638,3401,3985,1904
491,68,8584,8652,6974,1394.8,2258,0.812442,1777,2258,1252,933,754
492,68,3561,3629,2847,569.4,663,0.799495,548,549,626,663,461
493,68,9832,9900,9079,1815.8,5175,0.923413,726,1199,1257,5175,722
494,68,19893,19961,19162,3832.4,4025,0.963253,3670,4025,3900,3637,3930
495,68,5120,5188,4239,847.8,1030,0.82793,1026,1030,727,729,727
496,68,8071,8139,6767,1353.4,1714,0.838434,1093,665,1681,1614,1714
497,68,5112,5180,4428,885.6,1390,0.866197,671,685,1064,618,1390
498,68,18977,19045,15708,3141.6,6380,0.827739,3243,2825,1717,6380,1543
499,68,13896,13964,13269,2653.8,5220,0.954879,2506,5220,1816,2057,1670
500,68,5939,6007,5374,1074.8,2119,0.904866,693,600,946,2119,1016
501,68,6840,6908,5914,1182.8,1243,0.86462,1243,1182,1143,1206,1140
502,68,5514,5582,4851,970.2,1029,0.879761,1029,961,959,955,947
503,68,11139,11207,10013,2002.6,3689,0.898914,3689,2321,1034,1863,1106
504,68,3111,3179,2618,523.6,564,0.84153,564,513,516,513,512
505,68,5260,5328,4599,919.8,1115,0.874335,873,925,759,1115,927
506,68,14794,14862,13163,2632.6,3298,0.889753,3298,1749,2446,3287,2383
507,68,6137,6205,5177,1035.4,1558,0.843572,917,854,767,1558,1081
508,68,6917,6985,5955,1191.0,1645,0.860922,902,1039,1336,1033,1645
509,68,6100,6168,5648,1129.6,1410,0.925902,1410,1333,774,816,1315
510,68,11724,11792,10902,2180.4,3041,0.929887,2410,1563,3041,2061,1827
511,68,9439,9507,8939,1787.8,4144,0.947028,520,817,1928,1530,4144
512,68,12836,12904,8818,1763.6,3580,0.686974,2639,898,811,3580,890
513,68,9080,9148,8260,1652.0,2410,0.909692,1563,1389,1379,1519,2410
514,68,11099,11167,10085,2017.0,3148,0.90864,1630,1082,3148,2853,1372
515,68,7293,7361,6717,1343.4,1569,0.92102,1233,1248,1231,1436,1569
516,68,9382,9450,7997,1599.4,3488,0.852377,1609,3488,797,791,1312
517,68,7799,7867,6592,1318.4,2590,0.845237,1368,923,1032,2590,679
518,68,5081,5149,4509,901.8,1034,0.887424,669,919,1034,866,1021
519,68,5514,5582,4873,974.6,1293,0.88375,695,734,1090,1293,1061
520,68,7036,7104,5104,1020.8,1503,0.725412,1431,665,850,655,1503
521,68,8147,8215,7256,1451.2,2132,0.890635,805,1977,910,2132,1432
522,68,7076,7144,6399,1279.8,1553,0.904324,1347,1317,1299,1553,883
523,68,14872,14940,12033,2406.6,3585,0.809104,2622,2596,3585,2560,670
524,68,4022,4090,3434,686.8,706,0.853804,699,706,665,703,661
525,68,19662,19730,16660,3332.0,6953,0.84732,2074,1218,6953,3340,3075
526,68,8784,8852,7057,1411.4,2025,0.803393,1757,1778,618,2025,879
527,68,7315,7383,5290,1058.0,1153,0.723172,1153,1150,1130,1141,716
528,68,10958,11026,9245,1849.0,3689,0.843676,3689,2791,981,995,789
529,68,3857,3925,3324,664.8,686,0.86181,685,686,645,638,670
530,68,6808,6876,4334,866.8,1594,0.636604,846,696,1594,751,447
531,68,4234,4302,3536,707.2,1232,0.835144,610,620,540,534,1232
532,68,11866,11934,10395,2079.0,4680,0.876032,1428,4680,1865,1323,1099
533,68,4946,5014,4477,895.4,1055,0.905176,695,1031,1055,854,842
534,68,23171,23239,18477,3695.4,4604,0.797419,4604,4402,3044,1923,4504
535,68,7864,7932,7207,1441.4,2178,0.916455,919,1295,1365,2178,1450
536,68,3930,3998,3366,673.2,884,0.856489,884,878,667,468,469
537,68,9393,9461,8724,1744.8,2140,0.928777,1574,1732,2140,1519,1759
538,68,6558,6626,5930,1186.0,2103,0.904239,1125,2103,917,655,1130
539,68,6507,6575,5590,1118.0,1909,0.859075,804,863,1130,884,1909
540,68,6820,6888,6163,1232.6,2074,0.903666,2074,1132,721,755,1481
541,68,10489,10557,7204,1440.8,1721,0.686815,1091,1348,1327,1721,1717
542,68,5658,5726,5042,1008.4,1766,0.891128,897,914,702,1766,763
543,68,67690,67758,66453,13290.6,13491,0.981726,13360,13360,13141,13491,13101
544,68,4548,4616,4111,822.2,1198,0.903914,669,1198,1068,697,479
545,68,8489,8557,7713,1542.6,2284,0.908588,2284,1099,1638,1259,1433
546,68,7192,7260,5889,1177.8,1592,0.818826,1397,933,1112,1592,855
547,68,9088,9156,8293,1658.6,1950,0.912522,1729,1679,1950,1472,1463
548,68,9644,9712,8543,1708.6,3475,0.885836,1092,1133,883,1960,3475
549,68,6855,6923,6029,1205.8,2056,0.879504,1400,2056,895,992,686
550,68,8506,8574,7865,1573.0,3488,0.924641,698,3488,1128,1308,1243
551,68,14925,14993,12842,2568.4,3755,0.860436,1846,2065,3138,2038,3755
552,68,8503,8571,7343,1468.6,1681,0.863578,1426,1681,1387,1436,1413
553,68,7834,7902,7260,1452.0,2846,0.92673,717,614,2079,1004,2846
554,68,9858,9926,9296,1859.2,3948,0.94299,3948,1891,1302,779,1376
555,68,5060,5128,4386,877.2,1044,0.866798,1044,774,773,956,839
556,68,9246,9314,8679,1735.8,2370,0.938676,1008,2277,1017,2007,2370
557,68,17358,17426,16488,3297.6,5110,0.949879,5110,2579,1370,4868,2561
558,68,8649,8717,5848,1169.6,1332,0.676148,957,996,1291,1332,1272
559,68,8826,8894,8193,1638.6,4105,0.92828,1091,919,1051,1027,4105
560,68,5613,5681,4675,935.0,1152,0.832888,963,791,1022,1152,747
561,68,11164,11232,10304,2060.8,2856,0.922967,1397,2086,2102,1863,2856
562,68,7159,7227,5830,1166.0,2221,0.81436,2221,810,827,1312,660
563,68,3865,3933,3273,654.6,903,0.846831,585,570,638,577,903
564,68,6369,6437,4989,997.8,1389,0.783325,1389,1052,696,690,1162
565,68,12333,12401,11250,2250.0,4293,0.912187,1845,1601,1717,1794,4293
566,68,5744,5812,4604,920.8,1083,0.801532,850,805,1083,1023,843
567,68,4280,4348,3657,731.4,1072,0.854439,1072,795,600,589,601
568,68,7643,7711,6895,1379.0,2103,0.902133,2103,881,1616,888,1407
569,68,7365,7433,6330,1266.0,1623,0.85947,1028,949,1492,1623,1238
570,68,7291,7359,6754,1350.8,1547,0.926348,1383,1547,966,1342,1516
571,68,13653,13721,12429,2485.8,4416,0.910349,4416,1001,566,4315,2131
572,68,9077,9145,7939,1587.8,3165,0.874628,3165,679,679,1714,1702
573,68,8392,8460,7154,1430.8,1884,0.852479,1300,1202,1884,1241,1527
574,68,7464,7532,6911,1382.2,2416,0.925911,2416,729,1830,768,1168
575,68,7376,7444,6516,1303.2,2513,0.883406,1111,1112,1103,2513,677
576,68,7795,7863,6362,1272.4,2194,0.816164,1365,855,2194,1065,883
577,68,14951,15019,12558,2511.6,5350,0.839944,1334,2650,1693,1531,5350
578,68,7792,7860,7195,1439.0,1919,0.923383,1399,1078,1919,1701,1098
579,68,5471,5539,4792,958.4,1443,0.875891,613,602,838,1296,1443
580,68,6167,6235,5391,1078.2,1654,0.874169,1518,625,499,1095,1654
581,68,9695,9763,8515,1703.0,2288,0.878288,2288,1663,1642,1461,1461
582,68,6356,6424,5775,1155.0,1314,0.90859,1193,1314,917,1129,1222
583,68,7416,7484,6644,1328.8,1703,0.895901,1251,1423,914,1353,1703
584,68,6243,6311,5705,1141.0,2173,0.913823,2173,970,765,760,1037
585,68,6980,7048,6147,1229.4,1846,0.880659,792,1846,1281,1143,1085
586,68,3965,4033,3096,619.2,758,0.780832,691,556,401,758,690
587,68,9114,9182,6516,1303.2,2338,0.714944,657,934,1547,2338,1040
588,68,12558,12626,11036,2207.2,4591,0.878802,4262,655,4591,850,678
589,68,5310,5378,4693,938.6,998,0.883804,929,998,946,911,909
590,68,8428,8496,7392,1478.4,1929,0.877076,1396,1138,1924,1929,1005
591,68,4395,4463,3780,756.0,837,0.860068,721,778,837,741,703
592,68,9362,9430,8501,1700.2,2932,0.908032,2932,1252,2258,844,1215
593,68,3271,3339,2771,554.2,569,0.847142,548,552,541,569,561
594,68,7314,7382,5893,1178.6,2025,0.805715,1332,807,858,871,2025
595,68,6043,6111,5315,1063.0,1209,0.87953,1209,1096,1002,909,1099
596,68,5856,5924,5297,1059.4,1688,0.904542,1355,1688,843,713,698
597,68,3866,3934,3317,663.4,697,0.857993,627,633,669,697,691
598,68,5888,5956,5004,1000.8,1453,0.849864,822,764,757,1453,1208
599,68,5345,5413,4612,922.4,1399,0.862862,680,729,1399,679,1125
600,68,6289,6357,5607,1121.4,1350,0.891557,1281,776,1143,1350,1057
601,68,8937,9005,8295,1659.0,3321,0.928164,3321,964,1897,1385,728
602,68,8113,8181,6552,1310.4,1852,0.807593,723,1441,1731,805,1852
603,68,7217,7285,6422,1284.4,2210,0.889843,2210,1361,813,679,1359
604,68,4563,4631,4089,817.8,1199,0.896121,514,542,955,879,1199
605,68,8665,8733,8069,1613.8,3948,0.931218,1066,3948,655,1218,1182
606,68,5442,5510,4970,994.0,1417,0.913267,639,563,1343,1008,1417
607,68,9614,9682,8614,1722.8,2085,0.895985,1821,1730,2085,1992,986
608,68,9690,9758,7611,1522.2,3126,0.785449,2076,3126,638,854,917
609,68,10561,10629,9895,1979.0,4164,0.936938,850,655,4164,1102,3124
610,68,6703,6771,5090,1018.0,1824,0.759361,1824,705,658,968,935
611,68,6818,6886,6061,1212.2,1581,0.88897,717,1374,1370,1581,1019
612,68,9010,9078,7864,1572.8,3556,0.872808,1179,1103,1044,982,3556
613,68,9454,9522,9001,1800.2,2116,0.952084,1755,2116,1910,1878,1342
614,68,6075,6143,5376,1075.2,1703,0.884938,668,1703,1368,620,1017
615,68,9429,9497,8052,1610.4,2570,0.853961,1722,2570,1168,1144,1448
616,68,6416,6484,5355,1071.0,1379,0.834632,1162,789,791,1379,1234
617,68,6654,6722,5883,1176.6,1344,0.88413,1142,1177,957,1263,1344
618,68,15937,16005,13538,2707.6,8253,0.84947,1343,2026,1158,8253,758
619,68,4683,4751,4184,836.8,2104,0.893444,455,481,740,404,2104
620,68,6701,6769,5940,1188.0,1522,0.886435,985,986,1173,1274,1522
621,68,8680,8748,7969,1593.8,2060,0.918088,1921,1663,1022,1303,2060
622,68,5176,5244,4711,942.2,1343,0.910162,639,563,1343,1008,1158
623,68,20288,20356,13609,2721.8,6666,0.670791,1923,6666,1340,2130,1550
624,68,8420,8488,7769,1553.8,4207,0.922684,650,953,670,1289,4207
625,68,5946,6014,5466,1093.2,1329,0.919273,1053,1329,1327,803,954
626,68,5026,5094,4371,874.2,1357,0.869678,625,854,703,832,1357
627,68,6375,6443,5498,1099.6,1364,0.862431,1294,1037,1093,710,1364
628,68,8883,8951,7941,1588.2,2908,0.893955,2908,931,837,826,2439
629,68,7964,8032,6889,1377.8,1900,0.865018,1828,1138,1044,1900,979
630,68,7385,7453,6018,1203.6,1737,0.814895,1087,1127,1141,926,1737
631,68,5899,5967,5284,1056.8,2404,0.895745,751,623,2404,926,580
632,68,5788,5856,4675,935.0,1152,0.807706,791,1152,1022,963,747
633,68,10856,10924,8320,1664.0,2272,0.766396,2272,1887,2094,1028,1039
634,68,7207,7275,6703,1340.6,2728,0.930068,1034,556,1593,2728,792
635,68,6799,6867,6156,1231.2,1776,0.905427,1776,803,1653,903,1021
636,68,3911,3979,3457,691.4,1066,0.883917,1066,1065,491,420,415
637,68,7184,7252,6479,1295.8,1687,0.901865,1687,1687,1281,681,1143
638,68,6361,6429,5632,1126.4,1631,0.885395,1018,931,1631,1301,751
639,68,6518,6586,5552,1110.4,2103,0.851795,947,559,536,2103,1407
640,68,4487,4555,3876,775.2,800,0.863829,781,796,800,760,739
641,68,4041,4109,3536,707.2,1062,0.875031,627,627,610,610,1062
642,68,6222,6290,5415,1083.0,1928,0.870299,817,520,1928,1530,620
643,68,6560,6628,5078,1015.6,1372,0.774085,1255,618,937,1372,896
644,68,5949,6017,5154,1030.8,1436,0.866364,974,1436,999,940,805
645,68,4647,4715,4142,828.4,983,0.891328,681,643,901,983,934
646,68,7118,7186,6158,1231.6,2161,0.865131,951,942,1306,798,2161
647,68,6979,7047,6470,1294.0,3152,0.927067,1123,604,3152,677,914
648,68,4735,4803,4165,833.0,1827,0.87962,1827,574,574,595,595
649,68,5886,5954,5313,1062.6,1814,0.90265,759,871,980,889,1814
650,68,6075,6143,5342,1068.4,1909,0.879342,798,1909,954,796,885
651,68,11958,12026,10046,2009.2,4453,0.840107,1443,1192,4453,826,2132
652,68,7438,7506,6600,1320.0,1963,0.887335,1963,1266,1380,1262,729
653,68,6260,6328,4662,932.4,1125,0.744728,903,1125,854,677,1103
654,68,7027,7095,6387,1277.4,2054,0.908923,2054,1055,883,1104,1291
655,68,10522,10590,9186,1837.2,3148,0.873028,3148,1458,1433,1775,1372
656,68,4263,4331,3725,745.0,830,0.873798,638,707,830,755,795
657,68,5460,5528,4595,919.0,1004,0.841575,949,892,915,1004,835
658,68,5000,5068,4489,897.8,1865,0.8978,668,549,1865,700,707
659,68,2556,2624,2050,410.0,453,0.802034,337,453,439,424,397
660,68,5404,5472,3616,723.2,808,0.669134,686,670,707,808,745
661,68,9490,9558,7907,1581.4,2683,0.833193,1956,962,1095,2683,1211
662,68,8530,8598,6749,1349.8,2088,0.791208,872,905,1237,2088,1647
663,68,5488,5556,4794,958.8,1259,0.873542,1125,558,1259,642,1210
664,68,6574,6642,5593,1118.6,1351,0.850776,1351,1191,922,1236,893
665,68,17102,17170,14114,2822.8,4450,0.825284,3093,4450,2290,2229,2052
666,68,8304,8372,7268,1453.6,2457,0.875241,2457,2146,1407,633,625
667,68,18507,18575,12990,2598.0,6040,0.701897,1512,6040,943,2986,1509
668,68,10132,10200,8199,1639.8,2910,0.809218,1532,1169,883,1705,2910
669,68,3732,3800,3247,649.4,692,0.870043,670,610,692,684,591
670,68,3499,3567,2986,597.2,665,0.853387,546,599,584,592,665
671,68,8545,8613,7793,1558.6,2226,0.911995,882,2226,1896,1392,1397
672,68,20134,20202,14091,2818.2,5505,0.699861,937,5505,5001,1588,1060
673,68,3196,3264,2634,526.8,614,0.824155,557,506,484,473,614
674,68,4989,5057,4474,894.8,1019,0.896773,761,726,1019,986,982
675,68,5191,5259,4649,929.8,941,0.895589,885,941,941,941,941
676,68,6294,6362,5576,1115.2,1501,0.885923,1501,923,923,913,1316
677,68,7929,7997,6685,1337.0,1909,0.843108,1055,1060,1909,1603,1058
678,68,11938,12006,11079,2215.8,3208,0.928045,1200,2446,2383,1842,3208
679,68,6519,6587,6059,1211.8,2277,0.929437,1105,934,1008,735,2277
680,68,8186,8254,7698,1539.6,3351,0.940386,951,1709,1044,643,3351
681,68,5590,5658,4758,951.6,1747,0.851163,1130,655,638,588,1747
682,68,8325,8393,6839,1367.8,2365,0.821502,600,1344,1263,1267,2365
683,68,5988,6056,5452,1090.4,1709,0.910488,1044,1709,951,952,796
684,68,6375,6443,5232,1046.4,1574,0.820706,992,778,1395,493,1574
685,68,9446,9514,8503,1700.6,3682,0.900169,3682,2078,961,961,821
686,68,3060,3128,2604,520.8,560,0.85098,458,514,523,549,560
687,68,8889,8957,7890,1578.0,1759,0.887614,1127,1732,1698,1759,1574
688,68,7602,7670,6278,1255.6,2025,0.825835,1142,1382,871,2025,858
689,68,4481,4549,3974,794.8,1238,0.886856,541,849,681,665,1238
690,68,10508,10576,9494,1898.8,2542,0.903502,1196,1654,1644,2458,2542
691,68,11007,11075,9097,1819.4,2133,0.826474,1503,1731,2133,1821,1909
692,68,14863,14931,11496,2299.2,3964,0.773464,3607,2204,868,853,3964
693,68,5279,5347,4819,963.8,1164,0.912862,1164,1164,1164,536,791
694,68,6140,6208,5345,1069.0,1526,0.870521,925,1526,1060,972,862
695,68,13045,13113,11570,2314.0,4353,0.88693,935,4353,1875,919,3488
696,68,17147,17215,15730,3146.0,7679,0.917362,1034,7679,3892,1853,1272
697,68,22126,22194,20849,4169.8,7226,0.942285,2122,5345,4606,7226,1550
698,68,5031,5099,4483,896.6,1505,0.891075,1505,546,863,718,851
699,68,7583,7651,6810,1362.0,1842,0.898061,1773,831,1410,1842,954
700,68,3481,3549,2916,583.2,652,0.83769,652,652,610,505,497
701,68,8505,8573,7604,1520.8,2888,0.894062,2888,1480,970,921,1345
702,68,4969,5037,3859,771.8,1065,0.776615,748,1065,653,713,680
703,68,5978,6046,5380,1076.0,1201,0.899967,1197,1065,914,1003,1201
704,68,8750,8818,6513,1302.6,1816,0.744343,1576,1816,1142,951,1028
705,68,4970,5038,4477,895.4,1055,0.900805,695,1031,1055,854,842
706,68,6503,6571,5860,1172.0,1212,0.901123,1166,1158,1136,1212,1188
707,68,4887,4955,4425,885.0,1198,0.905463,660,1060,699,808,1198
708,68,8239,8307,6864,1372.8,2359,0.833111,781,1092,1711,2359,921
709,68,5814,5882,5247,1049.4,2404,0.902477,454,437,1054,898,2404
710,68,9886,9954,9202,1840.4,4130,0.930811,1393,1350,1081,4130,1248
711,68,7386,7454,5159,1031.8,1821,0.698484,638,582,945,1173,1821
712,68,3861,3929,3272,654.4,822,0.847449,550,714,517,822,669
713,68,6417,6485,5625,1125.0,1922,0.876578,1039,1922,731,1149,784
714,68,4322,4390,3473,694.6,878,0.803563,878,775,658,600,562
715,68,5753,5821,5200,1040.0,1581,0.903876,1026,1102,642,849,1581
716,68,7579,7647,6846,1369.2,1662,0.903285,1174,1189,1580,1662,1241
717,68,9313,9381,8809,1761.8,3316,0.945882,665,2143,1686,999,3316
718,68,9147,9215,8281,1656.2,2618,0.905324,1611,1471,2618,1536,1045
719,68,8957,9025,6292,1258.4,2023,0.702467,1767,921,904,2023,677
720,68,14867,14935,13765,2753.0,4769,0.925876,3518,2238,1988,1252,4769
721,68,6556,6624,5673,1134.6,1477,0.865314,1452,1090,1477,563,1091
722,68,9921,9989,8422,1684.4,2847,0.848906,1026,1505,2847,2093,951
723,68,9477,9545,8308,1661.6,2325,0.876649,1726,915,2083,1259,2325
724,68,9305,9373,8067,1613.4,2717,0.866953,1337,2717,1363,1279,1371
725,68,7494,7562,6355,1271.0,1401,0.848012,1295,1401,1347,1317,995
726,68,5482,5550,4532,906.4,1188,0.826706,1188,760,760,773,1051
727,68,9236,9304,8165,1633.0,4462,0.884041,1041,969,4462,633,1060
728,68,7407,7475,6864,1372.8,2024,0.926691,1127,1698,1050,965,2024
729,68,8151,8219,7418,1483.6,1663,0.910072,1469,1663,1461,1461,1364
730,68,11542,11610,9567,1913.4,2365,0.828886,2341,2186,2365,888,1787
731,68,7814,7882,6514,1302.8,2338,0.833632,1058,707,2338,1641,770
732,68,10725,10793,9464,1892.8,3368,0.882424,3368,1544,1544,1498,1510
733,68,16709,16777,12171,2434.2,4419,0.72841,4419,3325,2386,683,1358
734,68,14203,14271,13288,2657.6,5948,0.935577,819,639,4914,5948,968
735,68,9001,9069,7330,1466.0,1818,0.814354,1799,1818,851,1281,1581
736,68,5965,6033,4913,982.6,1160,0.823638,911,866,1135,841,1160
737,68,9575,9643,9014,1802.8,3948,0.94141,3948,2846,720,735,765
738,68,7074,7142,6191,1238.2,1262,0.875177,1225,1227,1240,1262,1237
739,68,5464,5532,4724,944.8,1160,0.864568,866,911,652,1160,1135
740,68,3916,3984,3442,688.4,747,0.878958,599,662,747,692,742
741,68,10815,10883,7768,1553.6,2219,0.718262,1330,736,1288,2195,2219
742,68,7780,7848,6924,1384.8,2912,0.889974,925,1145,1129,813,2912
743,68,7638,7706,6815,1363.0,1661,0.892249,1197,1153,1387,1661,1417
744,68,13332,13400,12801,2560.2,7049,0.960171,7049,851,1329,632,2940
745,68,10328,10396,9735,1947.0,3145,0.942583,3145,1254,1133,2627,1576
746,68,5209,5277,4173,834.6,970,0.801113,847,794,779,783,970
747,68,5604,5672,5119,1023.8,1185,0.913455,1056,1185,921,1004,953
748,68,3389,3457,2946,589.2,922,0.869283,522,572,922,451,479
749,68,9894,9962,9107,1821.4,3011,0.920457,1228,1134,1721,3011,2013
750,68,7574,7642,6935,1387.0,2651,0.915632,1348,1348,794,794,2651
751,68,3965,4033,3500,700.0,922,0.882724,613,633,575,757,922
752,68,5507,5575,4888,977.6,1234,0.887598,743,764,1063,1234,1084
753,68,17582,17650,16062,3212.4,4585,0.913548,4585,4488,4533,907,1549
754,68,15539,15607,11170,2234.0,5647,0.718836,5647,1814,1650,1463,596
755,68,11882,11950,11245,2249.0,3488,0.946389,1408,1842,3208,1299,3488
756,68,5145,5213,4621,924.2,1524,0.898154,1410,1524,531,591,565
757,68,8499,8567,7287,1457.4,2073,0.857395,1524,2073,1468,1125,1097
758,68,14582,14650,14058,2811.6,5948,0.964065,819,639,4914,5948,1738
759,68,4522,4590,4037,807.4,1265,0.892747,549,539,685,1265,999
760,68,3231,3299,2773,554.6,608,0.858248,519,514,543,608,589
761,68,4077,4145,3503,700.6,879,0.85921,528,803,879,879,414
762,68,12582,12650,11560,2312.0,3209,0.918773,3209,2964,892,1791,2704
763,68,9034,9102,6539,1307.8,1909,0.723821,1909,1137,1687,1034,772
764,68,7230,7298,6685,1337.0,2255,0.92462,1077,2255,1170,1165,1018
765,68,7098,7166,6305,1261.0,1704,0.888278,1123,1177,1344,957,1704
766,68,3974,4042,3413,682.6,837,0.858832,644,644,658,630,837
767,68,8829,8897,7564,1512.8,2359,0.856722,1011,1385,2359,1248,1561
768,68,8883,8951,7609,1521.8,2223,0.85658,1095,2223,1756,1580,955
769,68,10491,10559,8533,1706.6,3780,0.813364,1735,3780,1304,791,923
770,68,4693,4761,4102,820.4,1298,0.874068,856,1298,815,570,563
771,68,7417,7485,6368,1273.6,1296,0.858568,1285,1296,1285,1240,1262
772,68,8487,8555,7742,1548.4,2888,0.912219,1480,2888,970,1059,1345
773,68,7920,7988,6961,1392.2,3152,0.878914,1204,838,677,1090,3152
774,68,5792,5860,5168,1033.6,1181,0.892265,1172,1181,1043,1047,725
775,68,6515,6583,5898,1179.6,1780,0.905295,662,1780,1069,795,1592
776,68,4601,4669,4116,823.2,1154,0.894588,1154,362,800,899,901
777,68,8771,8839,7745,1549.0,2267,0.883024,1513,1492,1445,1028,2267
778,68,4568,4636,3809,761.8,903,0.833844,903,738,812,694,662
779,68,16186,16254,12493,2498.6,6666,0.77184,1014,1923,1340,6666,1550
780,68,11275,11343,10381,2076.2,4293,0.92071,1192,4293,687,1853,2356
781,68,6718,6786,6001,1200.2,1909,0.893272,857,935,753,1909,1547
782,68,9066,9134,8184,1636.8,2214,0.902713,1295,1365,2178,2214,1132
783,68,7897,7965,7300,1460.0,1861,0.924402,1392,1861,1580,1058,1409
784,68,9007,9075,8357,1671.4,1837,0.927834,1470,1837,1817,1817,1416
785,68,2992,3060,2459,491.8,633,0.821858,429,492,436,469,633
786,68,6467,6535,5783,1156.6,1482,0.894232,700,778,1482,1436,1387
787,68,6573,6641,5753,1150.6,1418,0.875247,954,831,1316,1234,1418
788,68,5865,5933,5251,1050.2,1630,0.895311,703,872,1279,1630,767
789,68,8127,8195,7126,1425.2,1852,0.87683,1085,953,1602,1634,1852
790,68,12734,12802,12024,2404.8,3495,0.944244,1748,1742,3495,1764,3275
791,68,9996,10064,8823,1764.6,3780,0.882653,1301,791,3780,1581,1370
792,68,8289,8357,7527,1505.4,2124,0.908071,2124,1639,1337,1051,1376
793,68,3403,3471,2952,590.4,750,0.86747,529,534,538,601,750
794,68,4122,4190,3583,716.6,737,0.869238,737,723,700,710,713
795,68,6339,6407,5694,1138.8,1754,0.898249,1304,1754,1167,637,832
796,68,5079,5147,4623,924.6,2314,0.910219,481,2314,616,606,606
797,68,3571,3639,3000,600.0,617,0.840101,590,599,599,595,617
798,68,6008,6076,5526,1105.2,1880,0.919774,1004,999,1085,558,1880
799,68,3341,3409,2882,576.4,708,0.862616,524,708,491,504,655
800,68,5391,5459,4888,977.6,1387,0.906696,697,840,1054,1387,910
801,68,7247,7315,6824,1364.8,2000,0.941631,758,883,2000,1573,1610
802,68,6476,6544,5677,1135.4,1723,0.876621,810,877,592,1675,1723
803,68,11475,11543,10260,2052.0,4293,0.894118,4293,1845,1601,972,1549
804,68,6031,6099,5466,1093.2,1665,0.906317,1511,748,1665,771,771
805,68,6032,6100,5550,1110.0,1267,0.920093,791,1267,1164,1164,1164
806,68,5719,5787,5154,1030.8,1060,0.901207,1027,1034,1060,976,1057
807,68,21105,21173,17724,3544.8,7870,0.839801,4315,7870,2131,2352,1056
808,68,9764,9832,8906,1781.2,2173,0.912126,1758,1760,1639,1576,2173
809,68,10924,10992,9554,1910.8,6466,0.874588,6466,655,908,850,675
810,68,3842,3910,3315,663.0,884,0.862832,648,884,498,722,563
811,68,10565,10633,9608,1921.6,5647,0.909418,1412,956,883,5647,710
812,68,6437,6505,5762,1152.4,1965,0.895137,578,593,661,1965,1965
813,68,4726,4794,3820,764.0,903,0.808295,812,738,903,694,673
814,68,7865,7933,6341,1268.2,3547,0.80623,3547,728,619,867,580
815,68,7740,7808,7054,1410.8,3150,0.91137,1598,3150,717,911,678
816,68,3286,3354,2811,562.2,1046,0.855447,425,433,462,445,1046
817,68,9784,9852,8454,1690.8,2051,0.864064,1662,1980,2051,2050,711
818,68,6904,6972,6287,1257.4,1278,0.910632,1275,1228,1271,1235,1278
819,68,5015,5083,4086,817.2,938,0.814756,808,738,938,766,836
820,68,5382,5450,4495,899.0,1065,0.835191,1011,866,800,753,1065
821,68,16337,16405,15030,3006.0,7823,0.919998,7823,4258,999,1265,685
822,68,6670,6738,6145,1229.0,2513,0.921289,669,1068,1198,697,2513
823,68,3965,4033,3461,692.2,1006,0.872888,696,471,840,1006,448
824,68,7350,7418,3484,696.8,973,0.474014,973,830,590,657,434
825,68,7417,7485,6719,1343.8,2342,0.905892,573,827,2085,2342,892
826,68,2815,2883,2301,460.2,589,0.817407,347,303,504,558,589
827,68,4660,4728,3956,791.2,1072,0.848927,508,743,795,1072,838
828,68,3903,3971,3373,674.6,812,0.864207,673,662,623,812,603
829,68,6890,6958,5620,1124.0,1760,0.815675,1114,1760,923,1032,791
830,68,8398,8466,6788,1357.6,1964,0.808288,661,1964,1440,1234,1489
831,68,8373,8441,7093,1418.6,2077,0.847128,1615,2077,887,1533,981
832,68,4339,4407,3715,743.0,900,0.856188,688,662,900,843,622
833,68,5369,5437,4599,919.8,1115,0.856584,925,873,759,1115,927
834,68,8312,8380,7400,1480.0,1818,0.890279,1523,1485,1682,892,1818
835,68,9659,9727,7281,1456.2,2307,0.753805,1095,1063,1043,1773,2307
836,68,4691,4759,4046,809.2,1017,0.862503,619,592,1017,999,819
837,68,5598,5666,5015,1003.0,1162,0.895856,1060,969,855,969,1162
838,68,4220,4288,3561,712.2,854,0.843839,817,706,701,483,854
839,68,7407,7475,6703,1340.6,1827,0.904955,1447,1039,1162,1228,1827
840,68,3263,3331,2765,553.0,605,0.84738,605,558,522,491,589
841,68,4369,4437,3732,746.4,968,0.8542,711,522,738,793,968
842,68,7881,7949,6694,1338.8,3170,0.849385,3170,1265,620,662,977
843,68,3778,3846,3226,645.2,1142,0.853891,1142,636,502,473,473
844,68,9825,9893,7393,1478.6,2276,0.752468,1909,2276,1458,765,985
845,68,5651,5719,4396,879.2,1264,0.777915,1264,691,819,474,1148
846,68,6186,6254,5548,1109.6,1361,0.896864,1028,1031,986,1142,1361
847,68,9438,9506,8113,1622.6,2385,0.85961,2385,1104,975,1816,1833
848,68,11934,12002,9582,1916.4,3488,0.802916,1601,3488,1845,1717,931
849,68,9694,9762,8358,1671.6,3148,0.862183,1934,3148,1922,659,695
850,68,8398,8466,7589,1517.8,1818,0.903668,1686,1818,1393,1265,1427
851,68,4640,4708,3783,756.6,832,0.815302,770,832,749,734,698
852,68,11566,11634,9941,1988.2,3161,0.859502,2362,3161,1535,1416,1467
853,68,21384,21452,19513,3902.6,7134,0.912505,855,4883,1767,4874,7134
854,68,9378,9446,8302,1660.4,2948,0.885263,1010,657,2948,1835,1852
855,68,5886,5954,5320,1064.0,1294,0.90384,858,656,1238,1294,1274
856,68,8853,8921,7729,1545.8,2277,0.873037,1326,1017,2277,2007,1102
857,68,5891,5959,5269,1053.8,1576,0.894415,1576,1279,839,703,872
858,68,5850,5918,5090,1018.0,1304,0.870085,862,835,840,1304,1249
859,68,5752,5820,4919,983.8,1430,0.855181,1107,572,748,1062,1430
860,68,6999,7067,4724,944.8,1311,0.674954,830,1079,1311,837,667
861,68,7239,7307,6564,1312.8,1881,0.906755,1121,1881,1261,1259,1042
862,68,10095,10163,9073,1814.6,4138,0.898762,722,1301,1193,4138,1719
863,68,8099,8167,6982,1396.4,1794,0.862082,870,1643,1794,1758,917
864,68,13205,13273,12614,2522.8,5003,0.955244,929,5003,859,5001,822
865,68,9419,9487,8184,1636.8,2326,0.868882,2326,1553,2127,928,1250
866,68,6601,6669,5343,1068.6,1453,0.809423,798,1175,1082,835,1453
867,68,9477,9545,8819,1763.8,3475,0.930569,853,3475,1020,2744,727
868,68,7769,7837,7213,1442.6,1800,0.928434,1800,1560,1013,1424,1416
869,68,5170,5238,4680,936.0,1515,0.905222,785,404,643,1515,1333
870,68,19073,19141,14216,2843.2,6092,0.745347,2493,6092,2757,1032,1842
871,68,5577,5645,5006,1001.2,1908,0.897615,695,1908,784,784,835
872,68,6711,6779,5506,1101.2,2074,0.820444,798,727,1178,729,2074
873,68,5759,5827,4909,981.8,1675,0.852405,887,781,734,832,1675
874,68,4068,4136,3403,680.6,900,0.836529,864,900,567,514,558
875,68,8258,8326,5917,1183.4,1653,0.716517,901,955,1653,1390,1018
876,68,9441,9509,8308,1661.6,2475,0.879992,987,1605,2475,2313,928
877,68,7696,7764,6508,1301.6,2113,0.845634,1263,1263,2113,1059,810
878,68,14968,15036,14095,2819.0,5948,0.941676,1738,3934,5948,1289,1186
879,68,22610,22678,21101,4220.2,6749,0.93326,6749,1052,5948,1705,5647
880,68,5974,6042,5309,1061.8,1265,0.888684,1158,1070,794,1022,1265
881,68,8820,8888,8083,1616.6,2446,0.91644,769,1939,1749,1180,2446
882,68,7067,7135,6397,1279.4,2174,0.905193,740,1058,2174,787,1638
883,68,13170,13238,8639,1727.8,4799,0.655961,985,1246,4799,705,904
884,68,6230,6298,5743,1148.6,1727,0.92183,893,922,1236,965,1727
885,68,6194,6262,5448,1089.6,1455,0.879561,1144,940,1455,830,1079
886,68,4417,4485,3797,759.4,1211,0.859633,724,596,620,646,1211
887,68,9387,9455,7129,1425.8,1645,0.759455,1645,1527,799,1553,1605
888,68,12320,12388,11465,2293.0,4868,0.930601,1516,3347,1036,4868,698
889,68,5669,5737,4582,916.4,1354,0.808255,1354,796,855,620,957
890,68,4769,4837,3223,644.6,1142,0.675823,1142,636,502,473,470
891,68,6429,6497,5024,1004.8,1385,0.781459,1385,662,882,1140,955
892,68,7242,7310,5775,1155.0,1626,0.797432,1608,1626,872,858,811
893,68,6451,6519,5749,1149.8,1256,0.89118,1171,1241,1256,1061,1020
894,68,19584,19652,18066,3613.2,6857,0.922488,1619,4275,3741,6857,1574
895,68,3115,3183,2624,524.8,614,0.842376,493,498,614,539,480
896,68,7097,7165,6440,1288.0,1480,0.907426,1289,872,1367,1432,1480
897,68,11734,11802,11085,2217.0,3769,0.944691,1244,3664,1015,1393,3769
898,68,5420,5488,4926,985.2,1041,0.908856,1014,1041,991,936,944
899,68,11797,11865,11075,2215.0,4217,0.938798,978,1370,1514,2996,4217
900,68,8363,8431,7792,1558.4,2903,0.931723,1500,1996,680,713,2903
901,68,5598,5666,4736,947.2,1014,0.846016,971,986,1014,1003,762
902,68,16728,16796,15622,3124.4,3583,0.933883,2745,2880,2880,3583,3534
903,68,5367,5435,4892,978.4,1910,0.911496,898,1910,845,558,681
904,68,6901,6969,6324,1264.8,1387,0.916389,1217,1241,1231,1248,1387
905,68,6680,6748,4893,978.6,2099,0.732485,2099,615,571,1052,556
906,68,7836,7904,7025,1405.0,2277,0.896503,831,839,1017,2061,2277
907,68,7595,7663,6958,1391.6,2478,0.916129,1977,2478,1096,658,749
908,68,5825,5893,4967,993.4,1211,0.852704,897,899,979,981,1211
909,68,7257,7325,6190,1238.0,2165,0.85297,1332,914,785,2165,994
910,68,7678,7746,6381,1276.2,1781,0.831076,1188,1781,1108,1567,737
911,68,5781,5849,4880,976.0,2290,0.844145,586,832,672,500,2290
912,68,3418,3486,2956,591.2,859,0.864833,503,442,859,795,357
913,68,8459,8527,7268,1453.6,2201,0.859203,1356,1565,2201,1110,1036
914,68,8780,8848,6976,1395.2,2745,0.794533,1662,2745,952,1056,561
915,68,11092,11160,9876,1975.2,3755,0.890371,1365,1295,1283,3755,2178
916,68,6679,6747,6103,1220.6,2228,0.91376,791,2228,1042,1121,921
917,68,6889,6957,6230,1246.0,2025,0.90434,758,2025,858,871,1718
918,68,6487,6555,5760,1152.0,1909,0.88793,863,1130,804,1909,1054
919,68,6728,6796,5992,1198.4,1814,0.890606,980,871,1814,1151,1176
920,68,4497,4565,3848,769.6,1017,0.855682,460,699,686,1017,986
921,68,4235,4303,3735,747.0,1286,0.881936,502,539,1286,705,703
922,68,12781,12849,11343,2268.6,3787,0.887489,1704,1500,3787,1028,3324
923,68,5382,5450,4877,975.4,1895,0.906169,1895,952,470,947,613
924,68,5799,5867,5238,1047.6,1778,0.903259,618,1778,1757,542,543
925,68,9693,9761,8826,1765.2,2194,0.910554,711,1942,1831,2194,2148
926,68,3670,3738,3233,646.6,1007,0.880926,516,1007,686,487,537
927,68,7220,7288,5935,1187.0,2123,0.822022,1304,825,960,2123,723
928,68,8746,8814,7859,1571.8,2239,0.898582,1198,1526,1769,2239,1127
929,68,12830,12898,11085,2217.0,3769,0.863991,1244,3664,1015,1393,3769
930,68,10852,10920,8364,1672.8,3347,0.770734,1045,1524,3347,810,1638
931,68,17620,17688,15729,3145.8,4276,0.892679,4276,2769,2895,2865,2924
932,68,7644,7712,6692,1338.4,1671,0.875458,1288,1284,1153,1296,1671
933,68,8152,8220,6193,1238.6,2001,0.759691,1509,972,2001,868,843
934,68,2821,2889,2362,472.4,505,0.837292,463,468,429,505,497
935,68,11303,11371,10475,2095.0,5531,0.926745,634,1046,1760,1504,5531
936,68,5796,5864,4946,989.2,1758,0.853347,1517,1758,456,643,572
937,68,11044,11112,10475,2095.0,5531,0.948479,634,1046,1760,1504,5531
938,68,6385,6453,5666,1133.2,1329,0.887392,989,1192,1329,972,1184
939,68,6969,7037,5726,1145.2,1706,0.821639,1417,1033,935,635,1706
940,68,8270,8338,7295,1459.0,3316,0.882104,961,901,1214,903,3316
941,68,10678,10746,9408,1881.6,2583,0.881064,2117,2546,805,1357,2583
942,68,10743,10811,9941,1988.2,4680,0.925347,1323,1293,1428,4680,1217
943,68,9025,9093,7479,1495.8,3556,0.828698,3556,1274,910,952,787
944,68,7879,7947,6468,1293.6,1468,0.820916,1468,1468,1399,1015,1118
945,68,7882,7950,7316,1463.2,2719,0.928191,852,984,1221,1540,2719
946,68,5777,5845,5152,1030.4,1435,0.891812,1221,1128,653,715,1435
947,68,8335,8403,6780,1356.0,2231,0.813437,1225,1191,1015,1118,2231
948,68,6257,6325,4880,976.0,2290,0.779926,586,500,2290,832,672
949,68,17529,17597,15591,3118.2,5129,0.88944,2413,1374,3041,3634,5129
950,68,8799,8867,7800,1560.0,3484,0.886464,3484,2037,774,613,892
951,68,5586,5654,4668,933.6,1406,0.835661,1097,1406,831,701,633
952,68,2907,2975,2477,495.4,597,0.852081,474,502,451,453,597
953,68,8790,8858,6127,1225.4,1611,0.697042,1555,1611,1097,1144,720
954,68,7124,7192,6022,1204.4,1598,0.845312,1045,1598,1017,1396,966
955,68,6516,6584,5943,1188.6,1686,0.912063,1203,1012,979,1063,1686
956,68,6622,6690,5826,1165.2,1602,0.879795,774,958,1173,1602,1319
957,68,7934,8002,7330,1466.0,2297,0.923872,952,582,2102,1397,2297
958,68,9227,9295,5519,1103.8,1471,0.598136,1285,1471,1048,1045,670
959,68,6294,6362,5486,1097.2,1433,0.871624,1151,1433,784,1419,699
960,68,7133,7201,6569,1313.8,1463,0.920931,1444,1459,847,1356,1463
961,68,3228,3296,2773,554.6,608,0.859046,519,514,543,589,608
962,68,8366,8434,7617,1523.4,2192,0.910471,1018,1249,2064,1094,2192
963,68,3942,4010,3465,693.0,871,0.878995,650,685,594,665,871
964,68,11596,11664,10246,2049.2,3465,0.883581,3465,1172,917,1345,3347
965,68,8018,8086,6922,1384.4,2119,0.863308,1337,1179,2119,996,1291
966,68,11661,11729,10597,2119.4,5647,0.908756,1343,1158,1686,5647,763
967,68,5445,5513,4743,948.6,1452,0.871074,761,922,799,1452,809
968,68,6320,6388,5582,1116.4,1171,0.883228,1171,1163,1097,1076,1075
969,68,23204,23272,20391,4078.2,5948,0.878771,3317,2985,3934,4207,5948
970,68,7788,7856,6933,1386.6,1883,0.890216,1883,1416,1401,1057,1176
971,68,23187,23255,21825,4365.0,6558,0.94126,3583,6558,3558,4538,3588
972,68,13265,13333,12617,2523.4,7710,0.95115,1246,1506,972,1183,7710
973,68,11440,11508,10391,2078.2,3941,0.908304,1010,657,1835,2948,3941
974,68,11072,11140,10215,2043.0,3941,0.922598,1392,1891,1629,3941,1362
975,68,5852,5920,5321,1064.2,2058,0.909262,504,467,2058,668,1624
976,68,6809,6877,6055,1211.0,1267,0.889264,1137,1267,1263,1123,1265
977,68,4321,4389,3522,704.4,1001,0.815089,1001,649,643,637,592
978,68,9296,9364,6671,1334.2,1591,0.71762,1550,725,1469,1591,1336
979,68,6417,6485,5681,1136.2,1455,0.885305,1455,1430,729,1364,703
980,68,13324,13392,11527,2305.4,3321,0.865131,2366,1676,878,3321,3286
981,68,6683,6751,5753,1150.6,1291,0.860841,751,1226,1281,1204,1291
982,68,8608,8676,7698,1539.6,3236,0.894284,1140,702,3236,1436,1184
983,68,16133,16201,14281,2856.2,5981,0.885204,2944,1128,5981,1082,3146
984,68,8035,8103,7091,1418.2,1900,0.882514,1486,1900,979,1325,1401
985,68,4351,4419,3821,764.2,1192,0.878189,507,1192,711,759,652
986,68,6174,6242,5340,1068.0,1663,0.864917,758,660,915,1663,1344
987,68,9046,9114,7434,1486.8,2226,0.8218,2226,1299,882,1896,1131
988,68,8937,9005,6462,1292.4,1567,0.723061,1304,1392,1567,1082,1117
989,68,8953,9021,8162,1632.4,2313,0.91165,1141,2313,1424,1983,1301
990,68,7143,7211,6527,1305.4,1467,0.913762,1294,1467,1371,1365,1030
991,68,4943,5011,4290,858.0,987,0.867894,944,637,984,987,738
992,68,8604,8672,7268,1453.6,2151,0.844723,1366,637,2151,1089,2025
993,68,6258,6326,5213,1042.6,1459,0.833014,977,1459,1116,901,760
994,68,7431,7499,6412,1282.4,2316,0.862872,917,854,1558,2316,767
995,68,7769,7837,5771,1154.2,1286,0.742824,1231,982,986,1286,1286
996,68,8410,8478,6772,1354.4,1900,0.805232,989,1325,1072,1486,1900
997,68,31545,31613,25185,5037.0,6520,0.798383,6466,6412,6520,4130,1657
998,68,8892,8960,7760,1552.0,2364,0.872695,1392,1371,1400,1233,2364
999,68,10288,10356,7532,1506.4,2047,0.732115,1653,1018,2047,1424,1390
1000,68,5214,5282,4733,946.6,1343,0.907748,514,1201,554,1343,1121
1001,68,8116,8184,7548,1509.6,1539,0.930015,1526,1539,1513,1522,1448
1002,68,6949,7017,6258,1251.6,1714,0.900561,679,679,1714,1702,1484
1003,68,6707,6775,5624,1124.8,1758,0.838527,683,1079,1337,767,1758
1004,68,10747,10815,10311,2062.2,4836,0.959431,570,948,2817,1140,4836
1005,68,5317,5385,4546,909.2,1130,0.854993,827,797,1130,863,929
1006,68,9372,9440,7573,1514.6,1880,0.808045,925,1863,1378,1880,1527
1007,68,7619,7687,6767,1353.4,1650,0.888174,1463,1265,1598,1650,791
1008,68,4196,4264,3726,745.2,1186,0.887989,466,450,1078,1186,546
1009,68,9435,9503,8690,1738.0,3835,0.921039,757,1213,3835,1686,1199
1010,68,10528,10596,9608,1921.6,5647,0.912614,1412,956,883,5647,710
1011,68,10984,11052,7832,1566.4,3391,0.713037,3391,1126,1119,858,1338
1012,68,9951,10019,8919,1783.8,3792,0.896292,1772,1035,1154,1166,3792
1013,68,4095,4163,3580,716.0,828,0.874237,658,711,637,746,828
1014,68,10365,10433,6306,1261.2,1657,0.608394,1657,1418,831,1084,1316
1015,68,7977,8045,6925,1385.0,1715,0.868121,1449,1143,1281,1715,1337
1016,68,5327,5395,4693,938.6,998,0.880984,929,998,946,911,909
1017,68,7456,7524,6767,1353.4,1650,0.907591,1265,1463,1598,1650,791
1018,68,5686,5754,5152,1030.4,1658,0.906085,786,786,1658,961,961
1019,68,5490,5558,4928,985.6,1711,0.897632,598,936,1711,1069,614
1020,68,9292,9360,8580,1716.0,2570,0.923375,1277,899,2570,2435,1399
1021,68,5500,5568,4851,970.2,1029,0.882,1029,961,959,947,955
1022,68,4569,4637,3902,780.4,1279,0.854016,583,1279,505,703,832
1023,68,7038,7106,6355,1271.0,1401,0.902955,1295,1401,995,1317,1347
1024,68,6742,6810,5777,1155.4,1518,0.856867,838,1443,1296,682,1518
1025,68,5661,5729,4970,994.0,1797,0.877937,711,942,825,695,1797
1026,68,5345,5413,4688,937.6,1350,0.877081,778,700,558,1302,1350
1027,68,6908,6976,6275,1255.0,1691,0.908367,1505,1296,1085,698,1691
1028,68,7799,7867,7252,1450.4,2307,0.929863,1395,1574,1226,750,2307
1029,68,6847,6915,6289,1257.8,1549,0.918504,1038,1092,1274,1549,1336
1030,68,5859,5927,5105,1021.0,1368,0.871309,1368,807,937,863,1130
1031,68,16458,16526,13345,2669.0,3484,0.810852,1273,3484,2882,2868,2838
1032,68,11690,11758,11066,2213.2,5703,0.946621,1891,5703,1437,999,1036
1033,68,8803,8871,7991,1598.2,2618,0.907759,2618,1390,1471,1536,976
1034,68,3536,3604,3050,610.0,984,0.862557,687,413,577,389,984
1035,68,6814,6882,5447,1089.4,1262,0.799384,1262,1255,1064,769,1097
1036,68,5822,5890,5344,1068.8,1695,0.917898,840,884,898,1695,1027
1037,68,5254,5322,4168,833.6,1704,0.7933,601,661,588,614,1704
1038,68,3124,3192,2583,516.6,803,0.826825,528,803,414,422,416
1039,68,7134,7202,6530,1306.0,2646,0.915335,778,1009,966,1131,2646
1040,68,9440,9508,8538,1707.6,2135,0.904449,1283,1220,1800,2100,2135
1041,68,2559,2627,2118,423.6,558,0.827667,318,387,522,333,558
1042,68,8466,8534,7738,1547.6,2275,0.914009,2275,1613,1324,1102,1424
1043,68,4122,4190,3542,708.4,995,0.859292,597,598,789,563,995
1044,68,4389,4457,3456,691.2,1247,0.787423,1247,560,553,554,542
1045,68,9103,9171,8454,1690.8,2051,0.928705,711,1662,2050,1980,2051
1046,68,4822,4890,4099,819.8,876,0.850062,788,840,759,836,876
1047,68,10029,10097,8421,1684.2,2162,0.839665,1071,1055,2130,2162,2003
1048,68,7966,8034,6461,1292.2,2373,0.811072,1635,2373,714,1019,720
1049,68,2574,2642,2151,430.2,445,0.835664,435,445,413,433,425
1050,68,3297,3365,2715,543.0,841,0.823476,841,370,357,325,822
1051,68,17517,17585,15622,3124.4,3583,0.891819,3534,3583,2880,2880,2745
1052,68,4097,4165,3547,709.4,1007,0.865755,1007,530,968,453,589
1053,68,5166,5234,4258,851.6,1169,0.824235,879,879,803,528,1169
1054,68,6995,7063,6379,1275.8,1720,0.911937,1345,1406,1720,1399,509
1055,68,3016,3084,2512,502.4,686,0.832891,686,469,492,436,429
1056,68,5942,6010,5114,1022.8,1132,0.860653,900,1050,926,1106,1132
1057,68,4461,4529,3737,747.4,840,0.837705,788,701,704,840,704
1058,68,6046,6114,5125,1025.0,1143,0.847668,1143,900,926,1106,1050
1059,68,24775,24843,20322,4064.4,7296,0.820262,1610,2283,4923,4210,7296
1060,68,3353,3421,2943,588.6,638,0.877721,541,523,636,605,638
1061,68,68598,68666,68073,13614.6,14926,0.992347,13114,14926,13491,13401,13141
1062,68,68546,68614,67914,13582.8,14926,0.99078,13167,13101,14926,13360,13360
1063,68,7893,7961,7455,1491.0,4074,0.944508,691,696,863,4074,1131
1064,68,3128,3196,2624,524.8,614,0.838875,498,614,493,539,480
1065,68,6113,6181,5276,1055.2,1258,0.863079,1158,740,1258,1145,975
1066,68,10830,10898,9150,1830.0,4074,0.844875,1211,2089,4074,913,863
1067,68,9918,9986,9293,1858.6,4055,0.936983,2049,1017,4055,1144,1028
1068,68,2803,2871,2373,474.6,544,0.846593,458,544,424,474,473
1069,68,5919,5987,5521,1104.2,1309,0.932759,1100,1079,1133,1309,900
1070,68,9833,9901,8424,1684.8,2879,0.856707,1427,1393,1265,2879,1460
1071,68,8348,8416,7865,1573.0,2370,0.942142,838,819,2277,2370,1561
1072,68,12946,13014,10828,2165.6,4680,0.836397,4680,1428,1865,1638,1217
1073,68,7156,7224,6492,1298.4,2385,0.907211,763,1318,1298,728,2385
1074,68,6876,6944,6140,1228.0,1371,0.892961,938,1279,1215,1337,1371
1075,68,6363,6431,5734,1146.8,2456,0.901147,618,805,697,2456,1158
1076,68,6277,6345,5697,1139.4,1691,0.907599,717,1160,843,1691,1286
1077,68,10163,10231,9415,1883.0,3138,0.9264,1403,972,2065,3138,1837
1078,68,4745,4813,4149,829.8,1241,0.874394,709,849,849,1241,501
1079,68,3520,3588,2999,599.8,1062,0.851989,382,404,403,748,1062
1080,68,6550,6618,5356,1071.2,1528,0.81771,1060,660,1344,764,1528
1081,68,8748,8816,6132,1226.4,1576,0.70096,1576,1566,1279,839,872
1082,68,8028,8096,7265,1453.0,1672,0.904958,1436,1350,1420,1672,1387
1083,68,4291,4359,3864,772.8,2010,0.900489,460,443,473,478,2010
1084,68,4479,4547,4050,810.0,1070,0.90422,733,835,1070,458,954
1085,68,9571,9639,8492,1698.4,2239,0.887264,1769,2239,1526,1198,1760
1086,68,5895,5963,5111,1022.2,1319,0.867006,1081,1319,984,987,740
1087,68,10867,10935,6827,1365.4,1909,0.628232,1909,1458,985,935,1540
1088,68,8800,8868,7999,1599.8,2829,0.908977,1421,2205,709,2829,835
1089,68,6952,7020,6303,1260.6,1376,0.906646,1357,1361,1362,1376,847
1090,68,9264,9332,8645,1729.0,2764,0.933182,1184,1140,1436,2764,2121
1091,68,5106,5174,4608,921.6,1249,0.902468,873,1037,768,1249,681
1092,68,5752,5820,5080,1016.0,1683,0.883171,837,865,1683,877,818
1093,68,9732,9800,8429,1685.8,2022,0.866112,2022,941,1758,1854,1854
1094,68,9907,9975,8199,1639.8,2766,0.827597,861,2766,2067,957,1548
1095,68,14018,14086,11806,2361.2,3368,0.842203,2999,2724,3368,1171,1544
1096,68,4227,4295,3685,737.0,999,0.871777,782,570,999,531,803
1097,68,9921,9989,8389,1677.8,1950,0.84558,1559,1679,1950,1729,1472
1098,68,9770,9838,8479,1695.8,1744,0.867861,1741,1744,1645,1673,1676
1099,68,9337,9405,8336,1667.2,3241,0.892792,882,3241,837,2258,1118
1100,68,3828,3896,3161,632.2,713,0.825758,556,668,713,692,532
1101,68,7895,7963,6858,1371.6,2846,0.868651,1286,705,2846,720,1301
1102,68,16698,16766,15863,3172.6,6953,0.949994,6953,3075,849,1646,3340
1103,68,3338,3406,2877,575.4,819,0.861893,641,357,556,504,819
1104,68,3792,3860,3306,661.2,722,0.871835,643,628,625,688,722
1105,68,8653,8721,7749,1549.8,3488,0.895528,832,672,1275,3488,1482
1106,68,2825,2893,2366,473.2,597,0.837522,597,445,445,454,425
1107,68,10615,10683,7614,1522.8,2385,0.717287,1104,2385,975,1816,1334
1108,68,3518,3586,3063,612.6,662,0.870665,579,603,623,596,662
1109,68,12383,12451,11171,2234.2,4560,0.902124,957,4144,4560,755,755
1110,68,4765,4833,4277,855.4,1571,0.897587,412,430,430,1571,1434
1111,68,6143,6211,5465,1093.0,1424,0.88963,1349,940,922,830,1424
1112,68,5129,5197,4317,863.4,1553,0.841685,711,688,722,643,1553
1113,68,6665,6733,6009,1201.8,1524,0.901575,1410,1524,1261,1097,717
1114,68,5833,5901,5283,1056.6,1164,0.905709,1025,993,1038,1063,1164
1115,68,5302,5370,4802,960.4,995,0.905696,985,954,995,942,926
1116,68,9730,9798,8289,1657.8,1950,0.851901,1950,1459,1472,1679,1729
1117,68,7561,7629,6898,1379.6,2267,0.912313,872,2267,1364,1028,1367
1118,68,5051,5119,4297,859.4,1262,0.850723,1262,648,680,884,823
1119,68,8798,8866,8341,1668.2,2383,0.948056,935,1101,1793,2383,2129
1120,68,10112,10180,7859,1571.8,2239,0.777195,1198,1526,1769,2239,1127
1121,68,11619,11687,8522,1704.4,3934,0.733454,1121,3934,662,1101,1704
1122,68,7716,7784,6783,1356.6,2709,0.879082,2709,1021,1050,1082,921
1123,68,8480,8548,7916,1583.2,3116,0.933491,3116,611,767,1597,1825
1124,68,18771,18839,16651,3330.2,5125,0.88706,2985,1330,3277,3934,5125
1125,68,6401,6469,5775,1155.0,2054,0.902203,2054,805,1594,620,702
1126,68,8621,8689,7606,1521.2,1672,0.882264,1672,1350,1436,1579,1569
1127,68,4052,4120,3514,702.8,743,0.867226,743,732,701,686,652
1128,68,13004,13072,12202,2440.4,3724,0.938327,3520,683,884,3724,3391
1129,68,4351,4419,3813,762.6,1220,0.87635,641,675,692,585,1220
1130,68,7811,7879,6520,1304.0,2846,0.83472,1202,720,735,1017,2846
1131,68,16760,16828,13684,2736.8,3070,0.816468,3017,1813,3070,2927,2857
1132,68,2882,2950,2406,481.2,643,0.834837,375,457,478,643,453
1133,68,7768,7836,6861,1372.2,2123,0.883239,1043,1386,1586,723,2123
1134,68,3237,3305,2742,548.4,594,0.847081,530,594,581,510,527
1135,68,11293,11361,10406,2081.2,3605,0.921456,1477,1308,1548,3605,2468
1136,68,7806,7874,7182,1436.4,2077,0.920061,1615,887,2077,1533,1070
1137,68,15539,15607,14692,2938.4,5898,0.945492,2365,672,3792,1965,5898
1138,68,6715,6783,6233,1246.6,2228,0.92822,791,1201,2228,971,1042
1139,68,8499,8567,5108,1021.6,1132,0.601012,1098,858,1132,901,1119
1140,68,4988,5056,4429,885.8,1453,0.887931,757,764,822,1453,633
1141,68,4946,5014,4406,881.2,1919,0.890821,706,572,798,1919,411
1142,68,9704,9772,8693,1738.6,2896,0.895816,2508,980,871,1438,2896
1143,68,7830,7898,4931,986.2,1436,0.629757,1005,1436,766,757,967
1144,68,8273,8341,6158,1231.6,1598,0.744349,1598,1102,1017,1396,1045
1145,68,4489,4557,3940,788.0,892,0.877701,776,710,674,888,892
1146,68,7188,7256,6384,1276.8,2171,0.888147,2171,790,1303,1276,844
1147,68,3496,3564,3034,606.8,808,0.867849,470,599,808,689,468
1148,68,4778,4846,4326,865.2,871,0.9054,862,858,871,867,868
1149,68,11974,12042,10943,2188.6,4353,0.913897,1275,1003,4353,3488,824
1150,68,10408,10476,9135,1827.0,3366,0.87769,1449,945,3366,2618,757
1151,68,13257,13325,11091,2218.2,3725,0.836615,1833,3000,3725,1141,1392
1152,68,9424,9492,7939,1587.8,3165,0.842424,3165,679,679,1714,1702
1153,68,5579,5647,4893,978.6,2099,0.877039,2099,615,571,1052,556
1154,68,10597,10665,8701,1740.2,2042,0.821081,1733,1943,2042,1919,1064
1155,68,5419,5487,5002,1000.4,1509,0.923049,1243,1509,691,696,863
1156,68,4984,5052,3809,761.8,903,0.764246,694,738,903,812,662
1157,68,9393,9461,8631,1726.2,1800,0.918876,1800,1766,1732,1759,1574
1158,68,8373,8441,7396,1479.2,1861,0.883315,1154,1392,1580,1861,1409
1159,68,4510,4578,3783,756.6,832,0.838803,749,770,734,832,698
1160,68,10620,10688,7762,1552.4,3262,0.730885,1454,749,3262,1300,997
1161,68,5757,5825,4930,986.0,1690,0.856349,686,751,1690,700,1103
1162,68,5560,5628,5038,1007.6,1098,0.906115,984,953,1078,925,1098
1163,68,5585,5653,4091,818.2,1428,0.732498,1428,789,679,606,589
1164,68,7454,7522,6622,1324.4,2314,0.888382,982,1044,1103,1179,2314
1165,68,5759,5827,4953,990.6,1069,0.860045,994,992,1069,1059,839
1166,68,14059,14127,12384,2476.8,4399,0.880859,3564,4399,2446,1272,703
1167,68,7955,8023,7328,1465.6,1699,0.921182,1251,1366,1367,1645,1699
1168,68,6858,6926,6056,1211.2,1771,0.883056,1479,760,1178,1771,868
1169,68,13030,13098,12016,2403.2,3368,0.92218,3083,1239,1239,3087,3368
1170,68,6588,6656,5902,1180.4,1653,0.895871,1062,1062,1037,1088,1653
1171,68,8315,8383,7770,1554.0,3145,0.934456,1239,1125,1127,1134,3145
1172,68,13531,13599,12709,2541.8,3835,0.939251,3835,1936,1552,1594,3792
1173,68,6836,6904,6255,1251.0,2096,0.915009,1002,2096,715,688,1754
1174,68,6555,6623,6072,1214.4,1507,0.926316,1131,1125,1167,1507,1142
1175,68,7199,7267,5503,1100.6,1763,0.764412,1220,1763,832,805,883
1176,68,4301,4369,3846,769.2,1544,0.894211,569,480,628,625,1544
1177,68,8853,8921,8078,1615.6,2903,0.912459,662,2006,1405,2903,1102
1178,68,8596,8664,7007,1401.4,2356,0.815147,687,599,2356,1192,2173
1179,68,11632,11700,11079,2215.8,6768,0.952459,1060,6768,1394,969,888
1180,68,6837,6905,6275,1255.0,3126,0.9178,917,856,3126,738,638
1181,68,12352,12420,9851,1970.2,3580,0.797523,3580,2639,898,811,1923
1182,68,11687,11755,10292,2058.4,5060,0.880637,1322,1323,5060,1240,1347
1183,68,11714,11782,9560,1912.0,2816,0.816117,2217,2816,1317,2604,606
1184,68,12086,12154,9824,1964.8,3892,0.812841,1272,3892,2771,855,1034
1185,68,5040,5108,4484,896.8,1050,0.889683,719,778,1040,897,1050
1186,68,3460,3528,2949,589.8,1029,0.852312,401,482,1029,514,523
1187,68,2735,2803,2305,461.0,505,0.842779,429,468,463,505,440
1188,68,5870,5938,5280,1056.0,1323,0.899489,717,1293,1323,1249,698
1189,68,6630,6698,5870,1174.0,1559,0.88537,815,1032,1298,1559,1166
1190,68,6306,6374,5760,1152.0,2595,0.913416,807,807,736,2595,815
1191,68,4498,4566,3786,757.2,1035,0.841707,546,532,919,1035,754
1192,68,11293,11361,8607,1721.4,4939,0.762154,1381,832,672,4939,783
1193,68,12270,12338,9044,1808.8,3900,0.737082,1416,1376,1051,1301,3900
1194,68,5145,5213,4519,903.8,1052,0.878328,792,771,920,1052,984
1195,68,8793,8861,7554,1510.8,3255,0.859092,3255,2006,773,760,760
1196,68,6311,6379,5049,1009.8,1704,0.800032,993,1704,999,691,662
1197,68,4103,4171,3564,712.8,1017,0.868633,553,686,823,485,1017
1198,68,8622,8690,6051,1210.2,1998,0.701809,1130,1101,570,1998,1252
1199,68,6049,6117,5373,1074.6,1571,0.888246,1571,796,1434,976,596
1200,68,8905,8973,8110,1622.0,2628,0.910724,826,1176,2628,1366,2114
1201,68,5031,5099,4584,916.8,970,0.911151,873,925,923,893,970
1202,68,5013,5081,4201,840.2,1371,0.838021,1371,801,680,793,556
1203,68,18125,18193,14570,2914.0,4446,0.803862,4446,1829,2914,3792,1589
1204,68,8657,8725,7654,1530.8,2093,0.88414,1189,1277,1767,2093,1328
1205,68,13989,14057,11869,2373.8,5095,0.848452,5095,1790,2908,784,1292
1206,68,5346,5414,4392,878.4,1095,0.821549,824,956,1095,674,843
1207,68,8437,8505,7571,1514.2,2207,0.897357,2207,1291,2008,1367,698
